advisor_id,advisor_name,entity_type,review_count,sim_mean_trust_integrity,sim_mean_listening_personalization,sim_mean_communication_clarity,sim_mean_responsiveness_availability,sim_mean_life_event_support,sim_mean_investment_expertise,sim_mean_outcomes_results,sim_penalized_trust_integrity,sim_penalized_listening_personalization,sim_penalized_communication_clarity,sim_penalized_responsiveness_availability,sim_penalized_life_event_support,sim_penalized_investment_expertise,sim_penalized_outcomes_results,sim_weighted_trust_integrity,sim_weighted_listening_personalization,sim_weighted_communication_clarity,sim_weighted_responsiveness_availability,sim_weighted_life_event_support,sim_weighted_investment_expertise,sim_weighted_outcomes_results
https://wealthtender.com/advisory-firms/abundo-wealth/,Abundo Wealth,firm,34,0.4857125630376815,0.5977391481632959,0.5342293438444855,0.41801815818851296,0.5276149921166717,0.5003762816444999,0.5095307125771115,0.423890184080252,0.521657821577194,0.4662316607317048,0.3648120462753403,0.4604591957290712,0.43668747789672524,0.44467671620035437,0.2839433085980015,0.35975459493203893,0.3340160963128056,0.2819738982364189,0.3338726299231784,0.313703972600533,0.3057505685021869
https://wealthtender.com/advisory-firms/allegiance-financial-group-advisory-services-llc/,"Allegiance Financial Group Advisory Services, LLC",firm,12,0.5330448868545162,0.5702324779072934,0.4828035958800531,0.3376201608967939,0.49612344014573057,0.4545635312199425,0.5316352918461411,0.48649287290083965,0.5204327876316323,0.4406392673468216,0.3081350296654356,0.4527958595273412,0.4148654713191109,0.4852063810083893,0.38875179566894846,0.4152997159733073,0.35337248427067053,0.2454751096014982,0.3605734524231863,0.33295467196732037,0.3869869961029468
https://wealthtender.com/advisory-firms/applied-capital/,Applied Capital,firm,22,0.45358224595790747,0.5058873765650644,0.46633693333861453,0.41520933936102516,0.5093440088927864,0.5452983989655056,0.4686474109611487,0.35570767010795645,0.39672633057971346,0.36571013420697646,0.325614919956281,0.3994370862203298,0.42763319053634097,0.3675220539178383,0.3263247618228209,0.3644516970564228,0.3366071838188799,0.2995378267853331,0.3651167994088574,0.39217870662670384,0.3359233510171816
https://wealthtender.com/advisory-firms/archer-investment-management/,Archer Investment Management,firm,14,0.46819462654194105,0.5733446053780968,0.47755828821245633,0.3709023621906725,0.5518085463354472,0.5380361461654591,0.5273944327448878,0.38733079565458534,0.4743198866368647,0.3950772205801952,0.30684228078087306,0.45650340944688844,0.4451096974871534,0.4363059584165844,0.3377289142725782,0.4265882160502839,0.35113239014448605,0.26159266137611825,0.385545753776846,0.39082833852676724,0.372400116061642
https://wealthtender.com/advisory-firms/avid-planning/,Avid Planning,firm,13,0.4270951843884186,0.4871621453449054,0.4290419374199522,0.35920742331402805,0.5852334047280092,0.47445272025772983,0.4734043124511477,0.3312090447877749,0.3777905130152639,0.33271873685544623,0.2785626059607319,0.4538440236347396,0.36793445118924883,0.3671214189639775,0.33114496418542216,0.3786449631139153,0.33822334279542343,0.2667500032073545,0.4219058178251995,0.37376905851594394,0.3622099713125659
https://wealthtender.com/advisory-firms/beacon-wealth-consultants/,Beacon Wealth Consultants,firm,54,0.4892701850641308,0.5114336176027824,0.45384884858428914,0.3917228558711151,0.571701568995109,0.5377757332766234,0.421430466760273,0.45806878615891944,0.47881882764931755,0.42490631458235917,0.3667421775885809,0.5352434130447052,0.5034810721921615,0.39455529532003286,0.32500750800459777,0.3382046771899863,0.29843855875208924,0.2814438877438127,0.3791955818484523,0.35222131775011056,0.2752173234678043
https://wealthtender.com/advisory-firms/belonging-wealth-management/,Belonging Wealth Management,firm,8,0.3903500277605051,0.4691541727780948,0.4034229522700369,0.33018013859516326,0.4419785874174548,0.4259452923505741,0.40576356360958005,0.35915066608641333,0.43165626147682057,0.3711787158145829,0.30378995330240705,0.40665272903298544,0.3919009211853794,0.37333224998100556,0.30326260138282396,0.36285030718860845,0.30920257750057173,0.2538810090997982,0.3474022571955938,0.3304451541921737,0.3107639871967513
https://wealthtender.com/advisory-firms/berkshire-money-management/,Berkshire Money Management,firm,135,0.4830924572578343,0.5405028779592973,0.48699053859823843,0.4811572499435373,0.5091282754707501,0.5464736307690086,0.43972544319677775,0.40264808621029413,0.45049854563411884,0.40589706053813834,0.40103512887714754,0.4243484299412969,0.4554750509716509,0.36650253072914146,0.29809619884794114,0.3379990989744466,0.30411525213019774,0.29694232038078877,0.32010983627077827,0.3459974778857005,0.27010150657353127
https://wealthtender.com/advisory-firms/bouchey-financial-group/,Bouchey Financial Group,firm,39,0.5460471147646487,0.60214215265906,0.5501068402176879,0.49166520769847677,0.5553032946922023,0.6008227023196603,0.5291270528527844,0.5224700751843503,0.5761430603054108,0.5263545111704113,0.4704362519019434,0.5313265948726791,0.5748805807511974,0.5062805820432204,0.33914070852135125,0.3762137068378286,0.3462399902637494,0.31700455035589126,0.3489012380478129,0.38807403746773367,0.3312149984046714
https://wealthtender.com/advisory-firms/brindle-bay-wealth-management/,Brindle &amp; Bay Wealth Management,firm,7,0.41012536490478835,0.4829453141753641,0.41718746861095496,0.3700127316246544,0.47954534337693183,0.527825105744366,0.39066837097863555,0.37129540026184216,0.4372208818953482,0.3776888761271563,0.3349805621567633,0.4341428144883845,0.47785153193609636,0.3536805610787541,0.27818488084530424,0.3150269076425875,0.27809199474438145,0.2509525586563946,0.3065961989541267,0.3517265902773501,0.265961952915259
https://wealthtender.com/advisory-firms/capital-fiduciary-advisors/,Capital Fiduciary Advisors,firm,21,0.4558300388833984,0.43389476061475307,0.3529422764258818,0.3004180798932403,0.41700272415736067,0.45372555513952206,0.3910152935954134,0.28384218395199784,0.27018323926151977,0.21977469232855473,0.18706824171668,0.2596646860498701,0.2825317366119838,0.24348249440652678,0.20759841734830395,0.20796089528449516,0.16574762814651445,0.157547729623038,0.21155924834547415,0.24115064169048517,0.16541911551729477
https://wealthtender.com/advisory-firms/clear-rock-advisors/,Clear Rock Advisors,firm,28,0.43189889636819784,0.45858984808310604,0.4150519522967347,0.36640578481093533,0.3967694724239075,0.5772980083696018,0.4005021238059029,0.21987813495384392,0.23346640001441046,0.21130141787201331,0.18653583345081257,0.20199387480910752,0.29390028652600053,0.2038941538586894,0.2898793784284926,0.2991502300649373,0.2899954258447664,0.24804415069580588,0.2613560876848651,0.3855806124409077,0.27470464786537996
https://wealthtender.com/advisory-firms/continuum-wealth-advisors/,Continuum Wealth Advisors,firm,10,0.5021718670660203,0.5443115957516583,0.48996616443957763,0.5011889503826318,0.5026144145814865,0.607479595115581,0.4397699308998878,0.40423023124010815,0.43815119214640924,0.39440508108989825,0.4034390187802441,0.404586466019959,0.4889991521068911,0.35399892450912024,0.34538210624609766,0.3844784369984215,0.3436226980021101,0.3585389471855647,0.3638175407828158,0.4086980387772733,0.31069423090077836
https://wealthtender.com/advisory-firms/cordant-wealth-partners/,Cordant Wealth Partners,firm,29,0.5866955956960369,0.6382004991033223,0.573905990309408,0.4953289990454865,0.5630697798312779,0.6279487970121687,0.5417723048511587,0.459240378201945,0.4995562276706207,0.44922921865362636,0.3877224893535647,0.44074709362190845,0.49153163096307356,0.4240763353336792,0.3677084881075982,0.39904974003911636,0.35346636261309644,0.33779115387185954,0.3806571076788267,0.37451886593532996,0.3260861561875119
https://wealthtender.com/advisory-firms/covenant-wealth-advisors/,Covenant Wealth Advisors,firm,42,0.5662934246622631,0.551280120616395,0.4929639848331791,0.5041602441079355,0.5832419249342062,0.5845833320625657,0.4970890889981718,0.5265670363361309,0.5126069395510388,0.45838177384607504,0.46879259764802106,0.5423265722407932,0.5435738775163617,0.4622174953645329,0.3822922868594611,0.35568725462947276,0.31182733577203614,0.30431365248561865,0.37738915394048067,0.36887368291449485,0.318442787181656
https://wealthtender.com/advisory-firms/csg-financial/,CSG Financial,firm,18,0.4543717634846878,0.474004160412095,0.3542431909971901,0.3818528929681388,0.48001543445368255,0.4762372139571831,0.4768455669710928,0.3872808795017325,0.40401442801817744,0.30193692828695223,0.3254698819636605,0.4091380991721624,0.4059177569888944,0.40643628280675675,0.2848736010845464,0.31696838603000027,0.257308662644743,0.26084858275460293,0.30934961991037246,0.3176274118211298,0.2908878742684424
https://wealthtender.com/advisory-firms/cultivating-wealth/,Cultivating Wealth,firm,33,0.5061197780964967,0.5290259639936205,0.4764125958236078,0.42786069219656325,0.5925901650862704,0.4916070229068348,0.4704368788865835,0.45791647252900236,0.4786410525573776,0.4310386291727529,0.38711085277349605,0.536151341629544,0.4447859252737239,0.4256320449232188,0.38888356522251344,0.4068467113769684,0.36706093140992874,0.327872726156421,0.45596989621625506,0.3784686778642871,0.36149060908553554
https://wealthtender.com/advisory-firms/define-financial/,Define Financial,firm,13,0.5367464403033756,0.5708545685232639,0.5127116374360556,0.41336010863311184,0.4994075704003121,0.5575711717384821,0.5108867108701288,0.4820169950620151,0.5126472819856651,0.4604329050986696,0.37121177241385,0.4484853895994553,0.5007183290916366,0.4587940574911853,0.368609149682148,0.38800470726518116,0.3811278819169574,0.3152436000864303,0.36716033320736624,0.3930364271023355,0.3497965712160249
https://wealthtender.com/advisory-firms/diazo/,Diazo,firm,4,0.37039686028843394,0.4432904175862427,0.3907033851355031,0.4290611313435543,0.5153535724484638,0.4840248477916205,0.3294848265469175,0.16662528399697518,0.1994168948028524,0.17576029790340977,0.19301576370412804,0.23183494401440688,0.2177415263781325,0.14822075638903223,0.2888405618439045,0.34762442814820593,0.30719381763419273,0.33225016646234456,0.39893751482660833,0.37603644505955763,0.2584893572643595
https://wealthtender.com/advisory-firms/dvb-financial/,DVB Financial,firm,10,0.4931298943520375,0.5266855685638628,0.40080449822242165,0.40468313981977044,0.5390246867309145,0.4291371210372339,0.5121728920745059,0.37558598415817407,0.40114322793366985,0.3052675444016496,0.3082216614369819,0.4105411571476461,0.3268467188657447,0.39008983623210547,0.3142157361240245,0.33774416512390154,0.2897865184508489,0.2760303730957921,0.37226837887272674,0.279818616215386,0.32620830649133487
https://wealthtender.com/advisory-firms/edge-financial-advisors/,Edge Financial Advisors,firm,61,0.5691804104511563,0.662671827930899,0.5555675575733378,0.4082744018934951,0.5594487270894308,0.5500287858440881,0.5902037002511753,0.38737475607713223,0.4510034656681981,0.3781100739724214,0.2778647928530585,0.38075153363439185,0.3743404777105181,0.40168285876071896,0.2856060104977883,0.3341978546761829,0.2827900411596593,0.21897193519319313,0.29047250193379537,0.2789764914029418,0.30130086045612464
https://wealthtender.com/advisory-firms/impact-fiduciary/,Impact Fiduciary,firm,20,0.4400826651683528,0.5298156853686373,0.42104484097181766,0.2780740796729149,0.41022511411005874,0.4483388884238403,0.46804524837932,0.38694395358978684,0.46584197060340304,0.37020489171481724,0.24449743717652986,0.3606916156419026,0.39420326171767284,0.41153013558833457,0.3539522306481749,0.41061539583182455,0.3299489576784065,0.2202841689607727,0.3259259834332967,0.34616053922124945,0.3680575276600801
https://wealthtender.com/advisory-firms/kennedy-financial-group/,Kennedy Financial Group,firm,2,0.40705596752225687,0.44686044880334713,0.43300910232427586,0.3694343318401718,0.492598685666755,0.48601226061866304,0.45968561703053124,0.38275947007755395,0.4201880877062315,0.40716350518884076,0.34738340760442954,0.46319628486074815,0.4570029926300544,0.4322477428543266,0.334781129090906,0.3372112269870176,0.30542653950287063,0.2881036467056416,0.3895177979194393,0.36278930789427266,0.36231557703052847
https://wealthtender.com/advisory-firms/legacy-consulting-group/,Legacy Consulting Group,firm,12,0.4720051149428878,0.5403595718494436,0.48399343715156146,0.4222134656320656,0.5564656198644873,0.5490581865696348,0.45389739529592904,0.31063405661089455,0.3556192094495184,0.3185237617046397,0.27786538203278266,0.3662188552425271,0.3613439058392074,0.2987170789514718,0.2884590302005249,0.31079325123492924,0.29718859796248626,0.2589644023124017,0.3716859957198342,0.3420043184780494,0.2777078460586676
https://wealthtender.com/advisory-firms/level-wealth-management/,Level Wealth Management,firm,50,0.4817639659361831,0.5384134802243863,0.4341172897029467,0.33092327577298847,0.4860657534079489,0.4708053995271015,0.4839518346670842,0.39094934135644255,0.4369201732680785,0.3522842729655144,0.2685427841236758,0.3944402229865662,0.3820565128703687,0.39272478721748405,0.3326192016794601,0.37490387075521264,0.30360517808725457,0.2338743935954636,0.34448635613331047,0.3269502297681245,0.3397440434720019
https://wealthtender.com/advisory-firms/maia-wealth/,Maia Wealth,firm,3,0.35981896112826817,0.3849728562945828,0.3535186195255396,0.36816227954009867,0.44148673105676517,0.41474167321997635,0.3476132154307781,0.20033708497469072,0.2143420668621851,0.19682923183910966,0.20498241018045685,0.24580740402779525,0.23091650748443074,0.19354126880838857,0.27292020216217244,0.28970610845329836,0.28022585061891925,0.27716664291324594,0.38210974668278475,0.3827095928118009,0.278355029671764
https://wealthtender.com/advisory-firms/millennial-wealth-management/,Millennial Wealth Management,firm,4,0.3362804486701053,0.526579753649756,0.5327525031937939,0.32061407361572186,0.43683047392784913,0.3418120565175056,0.496147491506676,0.18945609173706723,0.29666827943428786,0.3001459273573527,0.18062985696419087,0.24610468633937635,0.1925725286513601,0.27952313325898326,0.23923766308876024,0.4065561092966528,0.4109513088877772,0.2555566300355191,0.31919639773691894,0.23043395290881233,0.3638927140338201
https://wealthtender.com/advisory-firms/oath-planning/,Oath Planning,firm,4,0.4474407304078881,0.488876198738083,0.3596285835530265,0.2857804765777034,0.41254366881195287,0.37791048139856387,0.3858702321746892,0.4142454941578815,0.45260690135131637,0.33294805363699603,0.2645786730964058,0.3819374150246115,0.34987363347919115,0.3572428573105212,0.3398707371896808,0.3474980186428769,0.258968218095393,0.2112200135213679,0.2946124899066273,0.27838603019977504,0.28809198988571266
https://wealthtender.com/advisory-firms/pax-financial-group/,PAX Financial Group,firm,87,0.5282842892370581,0.567597260584969,0.4743885209075728,0.41157245319665103,0.5930993120942364,0.5279852744761254,0.4931138435772281,0.50109406249675,0.538383637301242,0.44997225165772536,0.3903892596955853,0.5625731255240239,0.5008104377054122,0.46773380201851933,0.30189784732266745,0.3297792316276773,0.2677002906714442,0.26339498368861375,0.34850302530178395,0.315220058490283,0.27968385212788066
https://wealthtender.com/advisory-firms/pillar-financial-group/,Pillar Financial Group,firm,1,0.36106840818584,0.3102236831867627,0.23184042631403487,0.34085982733555403,0.4310697568533403,0.34896111074124236,0.28898409476908127,0.29100862830627083,0.2500295413987966,0.18685535183367025,0.2747212122379252,0.34742729023704205,0.28125056600569187,0.23291116894889244,0.36106839840058946,0.3102236745839081,0.2318404205180587,0.3408598192393608,0.4310697440579051,0.3489611000734832,0.28898408542855736
https://wealthtender.com/advisory-firms/pillar-wealth-management/,"Pillar Wealth Management, LLC.",firm,21,0.5068284162931016,0.5806143501771962,0.4816657433376273,0.3602678562710257,0.4694096354857967,0.474485488152978,0.4873723402452339,0.2806134134608005,0.3214661401568399,0.26668170931232954,0.19946788628748288,0.25989592511104104,0.26270624966541267,0.2698412551980961,0.3622738680882088,0.41717731214710757,0.34469989750670277,0.25401448575478486,0.335290691118291,0.3398593176368245,0.3527534138207058
https://wealthtender.com/advisory-firms/primeaumayer-financial/,PrimeauMayer Financial,firm,1,0.27181535392046524,0.2890902903421035,0.33039288796062866,0.2820541030694566,0.2651040944869719,0.24018089839809623,0.2674963408615469,0.22278187943589167,0.23694054541130283,0.270792460655693,0.23117363415314862,0.2172812814438706,0.19685404513751495,0.21924198430967473,0.27181534747322195,0.2890902835328596,0.3303928801790608,0.2820540964654664,0.26510408829483256,0.2401808926914348,0.267496334566713
https://wealthtender.com/advisory-firms/prosperplan-wealth/,ProsperPlan Wealth,firm,29,0.46913101655738537,0.5630199889711204,0.471797242440487,0.3723932422274494,0.5257405859021831,0.539824640486723,0.4874864222928124,0.4194666657151156,0.5034161229367105,0.4218506327557838,0.3329699937520161,0.47008328764492197,0.4826763399220438,0.43587888441297246,0.28139725262471627,0.3352688223711481,0.27515281146270754,0.2307806531180132,0.32699794095373846,0.3354913795647858,0.2834995918994981
https://wealthtender.com/advisory-firms/range/,Range,firm,7,0.5103095244606106,0.5964472384525633,0.5523265676886354,0.4516404858457932,0.5031907921128459,0.565446098239334,0.5396609147701169,0.4677741798273779,0.5467321388374129,0.5062890163974686,0.4139953258106624,0.4612488084091086,0.5183150071911153,0.49467907160523633,0.3508300132334722,0.40938384891512086,0.37822578059137324,0.3090896755548462,0.34299108321055777,0.38732637968613576,0.3704623607701101
https://wealthtender.com/advisory-firms/rather-kittrell/,Rather &amp; Kittrell,firm,31,0.5017149026412309,0.5155789875248674,0.4275436022788836,0.3165463286223901,0.5264054564371368,0.45465936317660555,0.4713334295686443,0.47412043364741746,0.4872219897354474,0.40402857688402427,0.2991361863198758,0.4974529996347608,0.42965296286065663,0.445409950637662,0.3146968480365142,0.31636524138241784,0.2513005202671544,0.2040175663114442,0.3429744369952583,0.2926709029510059,0.29962066945679255
https://wealthtender.com/advisory-firms/rhp-wealth-management/,RHP Wealth Management,firm,8,0.462237497342863,0.4998057797851008,0.42613619725795693,0.42727011527048936,0.5323444594876209,0.47306582530584995,0.4222715769902773,0.38863355785261205,0.42021969128373243,0.35828081326621775,0.35923417294399607,0.4475771058883657,0.39773764751656493,0.3550315720579403,0.29999051804543964,0.33537698105994024,0.27565159694635677,0.2917414580745107,0.3563861278580545,0.30951917060554546,0.2983612649267184
https://wealthtender.com/advisory-firms/sanctuary-financial-planning/,Sanctuary Financial Planning,firm,15,0.44728771024029207,0.5458133310417685,0.5022754304868182,0.3185995005563532,0.48409879625030244,0.429719385027553,0.468274791576283,0.40519108967670525,0.4944439413416373,0.4550036237021938,0.28861441046866826,0.4385376889932078,0.3892762128004316,0.42420296539109786,0.3551859235453988,0.4374689711763087,0.3965021843018327,0.2541919054229577,0.38354957240838333,0.3340227811169188,0.371945960638976
https://wealthtender.com/advisory-firms/summit-financial-partners/,Summit Financial Partners,firm,16,0.48198204823814444,0.5834634296247804,0.5234254794265625,0.4285129676188077,0.5609908740276722,0.5783004112664515,0.47095367439203356,0.3521195514738614,0.42625836769623354,0.38239670070576226,0.313056875272075,0.40984068943155316,0.4224864435857156,0.3440625998376463,0.27692432908748016,0.3427178882569385,0.30803609756524103,0.2583868176005617,0.34410200067198043,0.35043785421469753,0.29625940999552813
https://wealthtender.com/advisory-firms/sykon-capital/,SYKON Capital,firm,6,0.5680445938038826,0.606050786793025,0.5133739952563071,0.42034748164438557,0.5287088066753983,0.5425903379855457,0.5204994918014744,0.5239439369350427,0.5589994846857868,0.4735177398546399,0.38771342393855707,0.48766201929099867,0.5004658453368048,0.4800900420175588,0.38625714571884123,0.4073012592990035,0.35356152841156296,0.2890818378042927,0.3620305602586319,0.3677826093992693,0.35644840502714625
https://wealthtender.com/advisory-firms/symphony-wealth-group/,Symphony Wealth Group,firm,14,0.3509207067317986,0.43501604212871997,0.41568159962684154,0.3842272509148165,0.46484007264857374,0.49607195548324096,0.39567663180051177,0.33223900076082535,0.41185741502064166,0.39355226592608794,0.3637724290991519,0.4400937256985111,0.4696629398993684,0.3746122877675688,0.19632140940351464,0.24389365617341016,0.23701687190802873,0.21826678989169238,0.2655748489340999,0.2780610759910192,0.22349962873136864
https://wealthtender.com/advisory-firms/talisman-wealth-advisors/,Talisman Wealth Advisors,firm,3,0.4855327187717269,0.5764541586842079,0.5053663621859267,0.2978023345351937,0.49837168877798094,0.4111545097696735,0.46729127572380685,0.38005437748959914,0.4512238165622352,0.39557931063973384,0.23310701110533052,0.39010417756420235,0.32183427649913016,0.36577575111890387,0.45244389131575635,0.5324638855100055,0.46535396828290065,0.2736607114031482,0.4518989836214108,0.37821260487239944,0.4338203158625692
https://wealthtender.com/advisory-firms/townsend-financial-planning/,Townsend Financial Planning,firm,14,0.4758036307895901,0.5057361764433268,0.4134315825461011,0.42826070377846753,0.5269340888990824,0.4751003951599055,0.42403277887558205,0.3983024755674636,0.42335946601987934,0.34608988277919844,0.35850356631402125,0.4411045618149213,0.3977137862971744,0.35496430589993416,0.2937214385683552,0.32622439056878255,0.256652487176924,0.26079495922928075,0.3319055297279587,0.30396768059656204,0.27717389424451766
https://wealthtender.com/advisory-firms/traveka-wealth/,Traveka Wealth,firm,20,0.5669406428910202,0.5758491271025646,0.48655154074210816,0.423788158946454,0.5328926447608926,0.5782501255831207,0.5201745811251385,0.5434740862546219,0.5520138344231328,0.46641241430882013,0.40624690668582925,0.5108353878219053,0.5543154518352565,0.4986437446577757,0.39371238964820876,0.3964003934497634,0.3398019525880259,0.2968502313205597,0.37044877730515063,0.4123470958890852,0.371207272871481
https://wealthtender.com/advisory-firms/tuyyo-planning-group/,Tuyyo Planning Group,firm,24,0.3967702899222221,0.46371007602026265,0.3838497002590552,0.3419755825044336,0.45072190706257864,0.3802792332441954,0.41504566100404855,0.3424155655183561,0.4001850742104794,0.33126500528560493,0.2951273455975728,0.38897619256874943,0.32818366700723284,0.358187339975733,0.3133179708234997,0.3493782183775792,0.29599016864477584,0.2597383503537063,0.342607085916168,0.30163810229873844,0.30966350209137394
https://wealthtender.com/advisory-firms/twin-peaks-wealth-advisors/,Twin Peaks Wealth Advisors,firm,88,0.4685013289005633,0.5475403582261525,0.5078735190621384,0.45127633851157223,0.5321962357721269,0.5986753763372058,0.49649151383555473,0.4028146815755826,0.470771973189985,0.43666665864486087,0.38800473635095273,0.4575791871313417,0.5147375604084946,0.4268804776284753,0.3143521992300525,0.34849908279998126,0.3172226298038275,0.26800964274561473,0.3377791275412778,0.3740032990241055,0.31464175481182666
https://wealthtender.com/advisory-firms/zenith-wealth-partners/,Zenith Wealth Partners,firm,48,0.44214824914238754,0.5247344051884804,0.4870475566920478,0.433490528991962,0.5554260568844296,0.5437699708503574,0.5076195490852322,0.3579102660176874,0.42476212653543977,0.39425536778000075,0.35090201272672517,0.44960641178213345,0.4401710405887116,0.4109079888957472,0.2613663844024812,0.32619303607378203,0.2904256919704619,0.2789496344264709,0.35511665103493234,0.3553785678676692,0.30544583410483417
https://wealthtender.com/blogs/savoteur/,Savoteur,advisor,3,0.19964091471028825,0.3063077124680141,0.3386338511693487,0.2257576971882788,0.34548156084199133,0.3139221282435023,0.26151413103020393,0.0886999805101493,0.13609178341748562,0.15045420946095353,0.10030360444739322,0.15349663047662537,0.1394748501193297,0.11619010241046714,0.16137649629592732,0.24760251629912886,0.27371735732979463,0.18247152204036607,0.27926174204154064,0.25376766136474127,0.21139821565373462
https://wealthtender.com/blogs/wealthy-nest/,Wealthy Nest,advisor,5,0.39427693493079585,0.45289266783505094,0.5382324610714962,0.32081017701712616,0.4585863248111204,0.5477335904478186,0.40055528453710604,0.1751762983790856,0.20121912819551083,0.23913539404611397,0.1425351937010045,0.20374880636063925,0.24335672308443834,0.17796575408020615,0.29936052889567655,0.3345906777901776,0.40189123166307394,0.24154163133550147,0.34981199182930506,0.40009073661013206,0.3085748911081252
https://wealthtender.com/financial-advisors/alec-spring/,Alec Spring,advisor,10,0.4939562362170922,0.42688775820242175,0.3568807990512304,0.410745138025074,0.45236786731827333,0.4074673177679523,0.4370304034622241,0.4466336587140411,0.3859905540748896,0.3226904841322583,0.3713944482209468,0.409029587747185,0.36843065356323135,0.39516150167971553,0.23320281582828828,0.20489742956954035,0.16548103346186582,0.2073411440808451,0.22443505635931332,0.2155801615348711,0.19334763050826145
https://wealthtender.com/financial-advisors/alex-call-cfp/,"Alex Call, CFP®",advisor,44,0.5359223227623112,0.5144808787125025,0.4969819446054646,0.3869547052284359,0.5743461816649637,0.5837236461919665,0.4763673557768897,0.47238443177453715,0.4534850429383184,0.4380607478609901,0.34107812044412433,0.5062528339354315,0.5145185248087679,0.4198901839257923,0.34039845689442444,0.3262857781543169,0.31343916319379617,0.25155987694314286,0.36799445164810424,0.3791762690388038,0.29901650903929516
https://wealthtender.com/financial-advisors/alexis-hongamen/,"Alexis Hongamen, CFP®, CRPC®",advisor,7,0.5044738452041763,0.6311335555905675,0.603572678252002,0.3625755001817717,0.4740046466226322,0.5384904020775134,0.56147505697194,0.48509836648877364,0.606893419279889,0.5803910808474082,0.3486499538857986,0.45579940758209847,0.517808439230304,0.539910315570556,0.3832469858060023,0.4897834511957752,0.44334003234450126,0.276192191529758,0.403634980075005,0.3926822050190902,0.4324178235469866
https://wealthtender.com/financial-advisors/alison-roth-cfa-cfp/,"Alison Roth, CFA, CFP®",advisor,1,0.4492012146172181,0.523539505832244,0.44108348712204254,0.3567700093748467,0.389318151276374,0.3441295260795667,0.45372635085449636,0.4319486084504377,0.5034317665542642,0.4241426609569318,0.34306743631055137,0.37436549193578467,0.33091243985937274,0.4362999464191176,0.44920121800608764,0.5235395091492201,0.44108349000283087,0.35677001216449805,0.3893181545311436,0.34412952913920714,0.4537263542274656
https://wealthtender.com/financial-advisors/allen-mueller-cfa-mba/,"Allen Mueller, CFA, MBA",advisor,11,0.43674014981564135,0.5903958414346577,0.5347135571991318,0.41804999612622834,0.45049406064734815,0.49405213456304414,0.5069528115312188,0.3056705957140714,0.4132128649830377,0.37424132320887704,0.29258952127051063,0.31529683712810413,0.34578275056562224,0.35481182109106263,0.28151462842442526,0.36869371456290817,0.3278752914372822,0.30224464714835636,0.3294028619551577,0.3511149960802494,0.3181703434498473
https://wealthtender.com/financial-advisors/amar-shah-cfa-cfp/,"Amar Shah, CFA, CFP®",advisor,35,0.5973385955852988,0.6977644685046822,0.610369726870012,0.457602330102089,0.5202071429510686,0.46553477536660876,0.6258887570835915,0.2840027514311575,0.3317499159953928,0.29019836170390906,0.21756558469650064,0.247330845527372,0.22133704078078953,0.2975768356762482,0.47987319345326584,0.5837366165127935,0.5023143996732774,0.38371161252060926,0.4061586090288528,0.46306420949393323,0.47067830150358153
https://wealthtender.com/financial-advisors/amir-noor/,"Amir Noor, CFP®",advisor,26,0.5881626936042409,0.6981817383741992,0.6266360217519962,0.37230630947397975,0.5446791070359994,0.5358356677887292,0.6086086470904823,0.44796648236614556,0.5317610599801503,0.47726919344027785,0.2835622687929313,0.41484777298954256,0.4081122822576468,0.4635388774898941,0.4228914707437413,0.5323033210162855,0.4793800857532288,0.2816401144232683,0.39224119898228604,0.3850445276882248,0.485219263603068
https://wealthtender.com/financial-advisors/andre-small-cfp-mba/,"André Small, CFP®, MBA",advisor,2,0.4117991115256883,0.5097490218716142,0.47358830862265566,0.24555044028241,0.37964324789859827,0.5246597227894023,0.4816531906876361,0.33417316944676173,0.41365909127416334,0.3843148313725579,0.19926310327433022,0.3080788274149137,0.4257590595473076,0.390859447729023,0.3428071364818935,0.4337409429078481,0.3977893628745462,0.2183383139625062,0.3307778136188577,0.4516111382112907,0.406437414192538
https://wealthtender.com/financial-advisors/andrew-j-tapparo-msf-ricp/,"Andrew J. Tapparo, MSF, RICP®",advisor,16,0.37839286677130013,0.440182830222876,0.3970424644252948,0.29322101826845764,0.4332494808082911,0.4597131356722407,0.40211890900011726,0.31265010614984523,0.3637045533358341,0.3280594840694811,0.24227619106363232,0.3579758184129476,0.37984162305383584,0.3322539366465732,0.30186239414097354,0.35041407187213564,0.3167633576379596,0.23343809417429845,0.3441306494525169,0.3658273505615395,0.32004175095599063
https://wealthtender.com/financial-advisors/andrew-van-alstyne-mba/,"Andrew Van Alstyne, MBA",advisor,2,0.5900278846079544,0.6478907417752497,0.5242657521220492,0.28419250636254856,0.4243467191646544,0.5291151648130561,0.5699083289862702,0.4872122451053857,0.5349921776884395,0.4329095298486902,0.23467038199224294,0.3504019439431909,0.4369139054151065,0.47059863391737083,0.39197455091857164,0.4143768349889374,0.331377111990938,0.20906907935558594,0.32975073435034924,0.4105585323131996,0.39692904740554624
https://wealthtender.com/financial-advisors/andy-millard-cfp/,"Andy Millard, CFP®",advisor,11,0.5952278007233959,0.6633334673983875,0.6059228175671936,0.4312358574969916,0.502810206587342,0.5798411133730369,0.5542454250963705,0.3813961988560609,0.4250353608018428,0.3882491025107097,0.2763172631720157,0.3221790066011366,0.3715370759097177,0.3551364672621359,0.3789839665983485,0.43627598689641695,0.4129731122919974,0.2793158723588264,0.35004942416675217,0.4128756234986816,0.3693843226260543
https://wealthtender.com/financial-advisors/andy-moran/,Andy Moran,advisor,3,0.4594310949239454,0.6791835623371472,0.6118475011658425,0.3395136563614597,0.5103856126394913,0.5507837994198239,0.5416593068545471,0.42087485107542655,0.6221853152948766,0.5605002116295039,0.31102108920785515,0.46755317845050504,0.5045610802506749,0.4962023307189619,0.3318928879022526,0.5054172019819734,0.44917470351478717,0.2310929677172358,0.38973822043133705,0.4107552264453579,0.4105920059379094
https://wealthtender.com/financial-advisors/angel-escobedo-cfp/,"Angel Escobedo, CFP®",advisor,11,0.5484947504379791,0.6372031542137453,0.615270337889083,0.3533119799626543,0.46687521901633816,0.5462684260834416,0.5348482273666291,0.5264458273788633,0.6115882448475835,0.5905371051100275,0.3391092028971678,0.44810731690956435,0.5243089989663723,0.513347880455206,0.4076095497417307,0.45973521774070486,0.41607951123268866,0.2947656463834437,0.36332549785265394,0.385454168465482,0.37593093986235865
https://wealthtender.com/financial-advisors/anthony-aulffo/,"Anthony Aulffo, CFP®",advisor,17,0.4866302693198934,0.5732635333640321,0.4881486844327068,0.39540050904076074,0.5531032393054525,0.4748757069917991,0.5185584414349401,0.45986545964908876,0.5417338683821464,0.4613003614787015,0.37365336334222937,0.5226823964980261,0.44875740174809164,0.4900375727935541,0.3375502448174912,0.4281896443219156,0.33284169172297384,0.2668694016861004,0.3757635194751697,0.3319603574609017,0.35624637182473134
https://wealthtender.com/financial-advisors/ayad-amary-mba-cfp-aif/,"Ayad Amary, MBA, CFP®, AIF",advisor,13,0.5693149127806368,0.6658734994799821,0.5899854788343368,0.42315426867587064,0.5495399207831694,0.5367594651699961,0.5607110476268219,0.46429989502057645,0.5430474223756447,0.4811575979074963,0.345099835105528,0.4481725698753199,0.4377495788973935,0.4572830865758858,0.34485414045848795,0.44567412265098716,0.37137476706245764,0.3062408172864003,0.38518816976459613,0.3461640514320727,0.3445539519466661
https://wealthtender.com/financial-advisors/ben-jacobs-ms-cfp-ea/,"Ben Jacobs, MS, CFP®, EA, AIF®",advisor,43,0.42893273563010426,0.48431261361830424,0.4810636189687785,0.38483814832860813,0.5071509439628556,0.4543184797096149,0.4784402362522996,0.3427092480281034,0.38695673665436503,0.38436085058483765,0.30747849597555565,0.40520413623113316,0.36299198362146606,0.38226481677027313,0.28688262874186066,0.3350613121312333,0.33141156676069394,0.29150777931549765,0.3830216076395105,0.3569398166050654,0.3082001215762418
https://wealthtender.com/financial-advisors/ben-loughery-cfp-crpc/,"Ben Loughery, CFP®, CRPC®",advisor,7,0.553689393127389,0.6798429405041679,0.5890469542926052,0.35954623695940474,0.5170404929868093,0.5445143209477177,0.5547698336020088,0.4563540584224532,0.5603305550726917,0.4854959685510331,0.2963401258242907,0.426147819105847,0.44879190990112816,0.45724456382421247,0.32568372777069615,0.4163932948407607,0.3572162175362919,0.26221591942719097,0.3813414633990743,0.39731067963152006,0.31450016477644843
https://wealthtender.com/financial-advisors/beverly-whitman-cfp-cpa/,"Beverly Whitman, CFP®, CPA",advisor,7,0.49724318167065445,0.5810224933399987,0.5415796444369168,0.3976596874522018,0.5288699667685732,0.558963034975365,0.5378289492098745,0.44681937462768095,0.5221028999262309,0.4866598215089539,0.35733431731542187,0.4752389907427913,0.5022804191875416,0.48328947203500894,0.3063595339748887,0.370528599252721,0.35154641296397876,0.25312853783923145,0.41038010270396647,0.3754965666451953,0.34961842325604836
https://wealthtender.com/financial-advisors/bill-hines/,Bill Hines,advisor,1,0.2702007462739176,0.3667006802063727,0.4083019333791081,0.20010627477790832,0.345643799530241,0.3408486534129468,0.40412903511899106,0.22987477675579343,0.3119726283552997,0.3473651241856009,0.1702415181169522,0.29405837085842357,0.28997887382362636,0.3438150079509234,0.15799068212638404,0.2254656854399935,0.24046142828012343,0.1483175659589316,0.2303539674627398,0.2198656737896289,0.21712657289746562
https://wealthtender.com/financial-advisors/blaine-thiederman-mba-cfp/,"Blaine Thiederman MBA, CFP®",advisor,16,0.5481373052468311,0.6283494765391281,0.5790980855542515,0.40627238117534364,0.5717149293597437,0.5967733023120322,0.6022372311863163,0.26158402690533034,0.2998631634877433,0.2763592401802218,0.19388274520087156,0.27283582422195046,0.28479426974611244,0.28740178524264703,0.33308212781461716,0.38591486083115184,0.3454340195011802,0.2551662002972602,0.3554182251525193,0.375102106716378,0.3782167953924041
https://wealthtender.com/financial-advisors/blake-jones-cfp-ea-cbda/,"Blake Jones, CFP®, EA, CBDA",advisor,5,0.43110051980811437,0.49069468415501777,0.4447694925508523,0.39749215108640407,0.4824169634865895,0.38346569531227875,0.4939526363336535,0.30511865441672664,0.3472974280463897,0.314793100117649,0.28133176534947635,0.3414387318121263,0.2714043050115914,0.3496032985782594,0.3594286185997065,0.4062705199030536,0.3744476265765557,0.3058485442759516,0.36316959115202824,0.3020966044916203,0.38831971358700673
https://wealthtender.com/financial-advisors/bob-porter/,Bob Porter,advisor,7,0.5536595757970902,0.6105849766647208,0.5140462785591206,0.43077557152177015,0.5049777903654987,0.5710329819010621,0.5462382782345999,0.5241848106873758,0.5780797161157574,0.48668037723927027,0.4078426912093011,0.47809466144062196,0.5406333216275038,0.5171585952512053,0.34403646029476226,0.3717105310289727,0.3193011380434245,0.3019080064045252,0.3690285749663372,0.373612483462371,0.3121604157680073
https://wealthtender.com/financial-advisors/brandon-kennedy/,Brandon Kennedy,advisor,2,0.399280407752166,0.46669180872289856,0.44488912944695636,0.2765571596434482,0.37997386925348137,0.3994018256495094,0.4381167247715595,0.36896938590227213,0.43126330951101927,0.4111157615039514,0.2555625655037317,0.35112848633531923,0.3690815864664629,0.4048574779877864,0.3424166421869782,0.3906585805188327,0.3442291884299736,0.23441894537875152,0.3387332620514975,0.3225737677111696,0.384029526663552
https://wealthtender.com/financial-advisors/brandon-renfro-cfp-ph-d-ricp-ea/,"Brandon Renfro, CFP®, Ph.D., RICP®, EA",advisor,10,0.46093273865999235,0.5280315767581469,0.5145493155400295,0.3762220296792436,0.4965320445900933,0.5072352570912153,0.4249350185918008,0.434229494868542,0.4974410919842767,0.4847398994080055,0.35442633643461613,0.46776642408871066,0.4778495667427655,0.4003172328602652,0.31445121819757355,0.37265668808808927,0.3220862347538282,0.2560376571387401,0.3329007584440021,0.33658988107927523,0.29777226563811
https://wealthtender.com/financial-advisors/brandon-ross-cfp/,"Brandon Ross, CFP®",advisor,2,0.5078871043115211,0.5441763220618211,0.47146762918349466,0.42912695890521113,0.4891472400366728,0.5086862430142933,0.489982696054182,0.41834339585772856,0.4482345950195205,0.388344904517674,0.35346916217898994,0.40290748816859745,0.41900164135331497,0.40359564800665537,0.369154055910081,0.44044288827159306,0.3738490695921447,0.365897064947357,0.407460107125081,0.4301214942319404,0.38739167820655696
https://wealthtender.com/financial-advisors/brennan-decima-cfp/,"Brennan Decima, CFP®",advisor,15,0.594363013438708,0.6755631543290441,0.6103872775941469,0.35499799115043956,0.5702657735408501,0.5771866411315238,0.622716321098117,0.5715351344008095,0.6496165970554647,0.5869439498228299,0.3413634765231007,0.5483634044440109,0.5550184601913749,0.5987994680444421,0.34496443221124556,0.33629739187423885,0.29317446461768604,0.18076294526855247,0.36056382779434554,0.37543848910965794,0.3209357909348212
https://wealthtender.com/financial-advisors/brett-fellows-cfp/,"Brett Fellows, CFP®",advisor,33,0.5918917241258249,0.6840712832745599,0.6063821440957857,0.36315457737208096,0.5511097041892289,0.5499128581358987,0.607874065870288,0.5348540171809268,0.6181506836201875,0.5479480663383439,0.3281591491281073,0.4980019607950119,0.49692044893485493,0.5492962189174179,0.3347350468588336,0.395408032710533,0.3349296848170958,0.1826149189597126,0.327121816700299,0.30942734291902063,0.3393923101622539
https://wealthtender.com/financial-advisors/brett-koeppel-cfp/,"Brett Koeppel, CFP®",advisor,21,0.5354931257131765,0.5881676138375844,0.522124302111262,0.41717232648348385,0.5683051182333901,0.5312358449689782,0.5327358421984879,0.4976179843402191,0.546566834190927,0.4851947304563808,0.3876659517351542,0.5281092022402609,0.4936618187780988,0.49505572200864084,0.28606920271622,0.31189677399131444,0.2557961800916476,0.18717750189819551,0.3049105579251204,0.2671414756939971,0.28154494743829733
https://wealthtender.com/financial-advisors/brett-tushingham-cfp/,"Brett Tushingham, CFP®",advisor,17,0.5534225355154103,0.6676903839479593,0.5790301390150762,0.3642179430337864,0.5262283918295756,0.5331968047219727,0.60087718018553,0.5203896597125124,0.6278370492672511,0.5444687877133874,0.34247837641816775,0.49481868948509755,0.5013711693374651,0.5650118151306378,0.35442347560611326,0.4406756151925086,0.36261519737162035,0.2080367172415713,0.34642174175013324,0.33629672513764675,0.38520251939300176
https://wealthtender.com/financial-advisors/brian-skinner-cfp-crpc/,"Brian Skinner, CFP®, CRPC®",advisor,3,0.4785118320310883,0.5258543917833532,0.4638352823838622,0.4100956383416906,0.5680380428880383,0.4868009918425323,0.5067936284385567,0.3125757375786073,0.34350106594637514,0.30298865315559786,0.2678845914599991,0.3710564678720453,0.3179904213304622,0.3310501049408294,0.34145960336675113,0.39686530456907637,0.3537741626549665,0.26120016978162,0.3955217511440852,0.35637867001586504,0.3824922696491792
https://wealthtender.com/financial-advisors/bruce-f-fitzsimmons/,Bruce F. Fitzsimmons,advisor,6,0.519269840859687,0.5634394197463771,0.42590194289453964,0.33433973599209055,0.48358921829071544,0.4581530066737371,0.4886893435716117,0.4141138792607928,0.44933879359011436,0.339653667281679,0.2666334806456167,0.38565884516519644,0.36537365346416073,0.38972615756926665,0.33023842716536056,0.37424010577935024,0.33076719173622365,0.2375182787461174,0.34746172955860755,0.36397745391418107,0.3095084078550048
https://wealthtender.com/financial-advisors/bryan-foronjy-cfp/,"Bryan Foronjy, CFP®",advisor,12,0.5486684510994706,0.5614604165409584,0.5368042384213688,0.4450167788855146,0.5260480566215665,0.5834342263013995,0.5090730138945553,0.5214005620505456,0.5335567885613949,0.510125980568316,0.42290020169350756,0.4999043627138606,0.5544385373416051,0.48377295074555837,0.3031031064815968,0.312647589193643,0.303827863626275,0.25073784758142625,0.3108094494207502,0.31647079260902283,0.28420718757337365
https://wealthtender.com/financial-advisors/bryan-huhn-cfp/,"Bryan Huhn, CFP®",advisor,6,0.5635787739950892,0.6760138911246388,0.5690400430545036,0.33503577396168355,0.4953385805964181,0.5239798974136681,0.5538043524741185,0.5415964433250489,0.6496460405633027,0.5468446961605,0.3219677389160931,0.4760179514763542,0.5035421167503719,0.5322032720851334,0.3981403264557971,0.48956213110980085,0.4236788810348418,0.24071560814055135,0.39387379971159286,0.4112508173496295,0.40593051735185304
https://wealthtender.com/financial-advisors/cade-grimm-cfp/,"Cade Grimm, CFP®",advisor,29,0.42242812666276125,0.53076280068764,0.49535519422189817,0.32778202346299706,0.4804589242374112,0.4785631917267953,0.4868745718791617,0.3942619507153074,0.49537321015863095,0.4623264712834805,0.30592655134231217,0.44842343762693054,0.44665410658457183,0.45441131010673314,0.30664344249561437,0.3852017993406694,0.35948888914370436,0.23796532285917463,0.3483126137048628,0.34721838415306344,0.35315595370297986
https://wealthtender.com/financial-advisors/carman-kubanda-cfp-chfc/,"Carman Kubanda, CFP®, ChFC®",advisor,3,0.5967793658492782,0.6100671074533613,0.4771815291512317,0.37849459755378884,0.5348889295713685,0.44651607301703344,0.5922551910037487,0.38597277850476036,0.39456675282839104,0.3086217305713067,0.24479501106573603,0.34594454525802043,0.2887885527076775,0.3830467250325776,0.35814227327076803,0.42572088945660536,0.372036371761264,0.2768107708218536,0.4019167904342896,0.30554904057523746,0.40458269347712633
https://wealthtender.com/financial-advisors/cassandra-smalley-cfa-cfp/,"Cassandra Smalley, CFA, CFP®",advisor,14,0.5379382001920976,0.5436556217860413,0.48672534844108084,0.3491617213956564,0.5745745853005828,0.5125979737243043,0.5151837905418853,0.44780383118415207,0.4525632687800481,0.40517196155343627,0.2906578422725764,0.4783015976682189,0.42670949266850144,0.42886204230568964,0.31973105055104933,0.31192811387395863,0.27119272904769837,0.27947177323452543,0.4363702267816613,0.338462921658694,0.30217784341585635
https://wealthtender.com/financial-advisors/cecil-staton-cfp-cslp/,"Cecil Staton, CFP®, CSLP®",advisor,12,0.4466223211361937,0.5483738173976548,0.5193995974838229,0.3856975482487613,0.495001502811701,0.5502707226016669,0.5946127518918397,0.40108239756562136,0.49245878460470804,0.46643892612322935,0.34636982986710485,0.4445285874678898,0.49416227153577774,0.5339829580061356,0.26004162990047436,0.3423161815445291,0.33491464125904713,0.24262933197939773,0.33484216779897247,0.3503067312580598,0.3568248528586755
https://wealthtender.com/financial-advisors/chad-bester-cfp/,"Chad Bester, CFP®",advisor,9,0.4946532672278214,0.5284311554949447,0.41611476828756666,0.382993911942892,0.49755208777981835,0.5168098205588427,0.4689121808683984,0.3269588646657196,0.34928557456600523,0.27504601955308666,0.25315359852875835,0.3288749443509141,0.34160403533772393,0.30994436798907454,0.3073679909553564,0.3166753804747544,0.2621803453251232,0.2036133449919564,0.29678222384879205,0.33685192576431244,0.2721321621835486
https://wealthtender.com/financial-advisors/chad-rixse-crps/,"Chad Rixse, CRPS®",advisor,6,0.5227931012254783,0.5980456400559325,0.48776889899577996,0.43945540571044395,0.5533467679422815,0.4466790325601491,0.5153734638879938,0.4534235311784352,0.518690788544043,0.42304670062257876,0.38114393894180737,0.4799230228907544,0.3874090606246121,0.44698840769700604,0.29997830939498793,0.32939022198364853,0.2731300610505296,0.17704936093577936,0.30432673514897596,0.2675512325076387,0.28178269731721906
https://wealthtender.com/financial-advisors/charles-cooke-cfp-cpfa/,"Charles Cooke, CFP®, CPFA®",advisor,1,0.30091689753464934,0.25664645068233416,0.16172944376468548,0.267375665409109,0.28034374605100754,0.26903892152206355,0.19380928128738828,0.25300068726383784,0.21577960207096222,0.13597661267444147,0.2248003606987248,0.23570348159945667,0.22619876983799533,0.16294824838865543,0.30091690547661776,0.2566464575184614,0.16172944812971005,0.2673756724393896,0.2803437535144777,0.2690389286746627,0.19380928643145992
https://wealthtender.com/financial-advisors/charles-hamowy-cfp-cpa-pfs/,"Charles Hamowy, CFP®, CPA/PFS",advisor,31,0.47309151697655305,0.5272857011104247,0.4339007182915614,0.31359546818952694,0.5199580192290024,0.460344620077054,0.46230894279332574,0.44292185287179664,0.4936600030818317,0.4062303026194965,0.29359707548843633,0.4867996170471877,0.43098784224067466,0.4328268975310533,0.34814813496935393,0.38884681195854887,0.32226561522097535,0.24228262986714338,0.40417203796628176,0.352236272305427,0.3392274327235255
https://wealthtender.com/financial-advisors/charles-luong-chfebc%e2%84%a0/,"Charles Luong, ChFEBC℠",advisor,45,0.47390381190255293,0.5180574278864533,0.4510229185480098,0.4457082604830447,0.545122414632724,0.5354948703345267,0.49904317036260765,0.4069534201461409,0.44486926843681124,0.3873050071712624,0.38274117328319546,0.4681106702697837,0.4598432497904447,0.42854123532856614,0.26644469340658594,0.29259457856778565,0.249863642222162,0.265585628522774,0.34275928897911073,0.3226768660989972,0.28225572139064387
https://wealthtender.com/financial-advisors/charles-petitjean-cfp/,"Charles Petitjean, CFP®",advisor,6,0.5028107275118258,0.5604949026133539,0.5229193102004439,0.3514321431129914,0.5272838771578479,0.5634303391875028,0.5026599596923486,0.4055000302835097,0.4520203876877745,0.42171692949237,0.2834182663128738,0.42523680672760633,0.45438771908025105,0.4053784410810145,0.2517433234186237,0.29015608414382366,0.2765864696939033,0.23491499005774744,0.3809181407692314,0.35766330856508494,0.25361191614055867
https://wealthtender.com/financial-advisors/chase-kerby-cfp-aif/,"Chase Kerby, CFP®, AIF®",advisor,6,0.5344395317941543,0.6174932163781448,0.5070676108760519,0.3842189771662659,0.43254512517340526,0.525013898805895,0.5364260624805492,0.30372830991917454,0.35092870163902196,0.2881725233706256,0.21835619117062563,0.24582051292436474,0.2983716111588273,0.30485727881478714,0.33887939705258857,0.4364207106884694,0.36574557238828703,0.2640684983014079,0.2882649937455268,0.34195477111789757,0.3506095822579304
https://wealthtender.com/financial-advisors/chris-chen-cfp-cdfa/,"Chris Chen, CFP®, CDFA®",advisor,7,0.5193488296001333,0.5838271697390406,0.49498622568867395,0.2892156950522732,0.5328472773943577,0.43370729665882884,0.5265975879299777,0.35989017930203326,0.40457136480033384,0.3430077654209616,0.200416141169442,0.36924412123871325,0.3005436574860933,0.36491330978073927,0.35529032254709736,0.42424279993074016,0.33295980218343013,0.19606976480060703,0.3827821662577358,0.29326791066762237,0.37434090578446205
https://wealthtender.com/financial-advisors/chris-dime-cfp/,"Chris Dime, CFP®",advisor,8,0.6100685727074755,0.6859795159027758,0.6901136256734859,0.38223918430013365,0.5317117110889807,0.5292043890920873,0.6001058510356599,0.3266232647094671,0.3672650568011125,0.36947840869364457,0.20464619202054424,0.28467195775943244,0.28332956817744076,0.32128934517416197,0.3946809766203795,0.47446946700912135,0.4341360201749677,0.21947416762846847,0.35495066005163617,0.33426660567107086,0.40089954798248106
https://wealthtender.com/financial-advisors/chris-grellas-cfp-msfa/,"Chris Grellas, CFP®, MSFA",advisor,26,0.5112661968062229,0.5683814524030623,0.5162707332679112,0.41579282160576736,0.5988575962431,0.6204067105792709,0.49204152902472015,0.4571412234495072,0.5082099973764214,0.46161595683729034,0.37177509555247346,0.5354597975159344,0.554727624243826,0.439951766753669,0.2780406255452641,0.3222215811076371,0.28108581359476786,0.23538210459150077,0.339259580803247,0.35189963939493096,0.2674870203568777
https://wealthtender.com/financial-advisors/chris-pape-apma-cepa/,"Chris Pape, APMA, CEPA",advisor,2,0.6564144942329657,0.7573101584446705,0.6683860934766193,0.3067178714681921,0.4927854549391848,0.4833995606351677,0.6263562608968137,0.5112643925969826,0.589849434414415,0.5205887638128763,0.23889467346095855,0.3838179359438304,0.3765075039035838,0.48785280655773205,0.48885395010983407,0.6009800305566383,0.5202142626698156,0.23386776974879672,0.38544878997049625,0.3800601269920109,0.47500516204178933
https://wealthtender.com/financial-advisors/chris-shoup-cfp/,"Chris Shoup, CFP®",advisor,21,0.5916170770610976,0.6979614850501011,0.5975843406472455,0.37228380415287965,0.48026938354766957,0.5347594153027653,0.5676630742782842,0.5622147143328874,0.6632739860757539,0.567885415065701,0.35378193212796083,0.45640081184843906,0.508182781681634,0.539451184756344,0.3650543904068208,0.47262106316832947,0.3800402235715596,0.2365860041252589,0.31114676606275604,0.3366980147599773,0.37827878082772404
https://wealthtender.com/financial-advisors/chris-ward-cfp/,"Chris Ward, CFP®",advisor,7,0.570385510843454,0.6136437857112341,0.5210806121593657,0.355349758098925,0.5674696087488146,0.5314789538818293,0.6113803376102305,0.3964872549760059,0.42655701364144133,0.36221435784855854,0.24701127126579403,0.3944603486200355,0.3694424691653163,0.42498364211063194,0.3414870228644444,0.39415520719172203,0.3068042971743679,0.21193040438181268,0.3379323468924552,0.3064399474399507,0.36397566534932596
https://wealthtender.com/financial-advisors/chris-wilbratte/,Chris Wilbratte,advisor,13,0.514145182368484,0.536633167031661,0.46434102210807676,0.4643891366012312,0.5535838875466197,0.530924777874394,0.499111046154104,0.36208966714221114,0.3779269581654945,0.3270148041863548,0.32704868909164714,0.3898645994379617,0.37390679265436183,0.35150179125750813,0.315648893957972,0.35105231216122784,0.290490876564022,0.29215852090575045,0.34806198095825064,0.33473186379215875,0.3110287787575193
https://wealthtender.com/financial-advisors/christopher-conigliaro-cfp/,"Christopher Conigliaro, CFP®",advisor,6,0.4876570298412741,0.5647132313091915,0.4551544208982787,0.35197007837242056,0.41571687741726515,0.4639665624201108,0.47174220830234226,0.43386832265016506,0.5024252034800387,0.40495076059135143,0.31314767999180404,0.3698631892194803,0.41279092043130633,0.4197089103914709,0.38096704667594383,0.4338772235113855,0.35075648449579777,0.2719210442748947,0.32594008751162584,0.3665497220399942,0.36694294438584996
https://wealthtender.com/financial-advisors/christopher-jackson-cfp/,"Christopher Jackson, CFP®",advisor,1,0.27065119018411443,0.4620114111180898,0.3766546371468587,0.15840423697764192,0.31160793594363484,0.3400203008092181,0.4337505983557696,0.24716821620198895,0.4219251216790866,0.34397430406445223,0.14466033814950843,0.2845713614973505,0.3105185355597633,0.3961163503445532,0.2706512036500349,0.46201143398089145,0.37665465573904616,0.15840424470080122,0.3116079512744438,0.340020317590411,0.43375061980441
https://wealthtender.com/financial-advisors/christopher-lazzaro-chfc/,"Christopher Lazzaro, ChFC®",advisor,5,0.389155827988599,0.5318030119743914,0.43794323660122714,0.28280815362485995,0.38855996181425206,0.45127601548408963,0.41253228722580143,0.33417814162323783,0.45667295584340895,0.3760731470997053,0.24285465208816975,0.3336664559783679,0.3875223480349125,0.3542521097968526,0.3173381310159797,0.43340743844424234,0.35718221865958205,0.23039565079849159,0.3166196611720719,0.3689501451193688,0.3363181063088885
https://wealthtender.com/financial-advisors/clint-haynes-cfp/,"Clint Haynes, CFP®",advisor,41,0.48234073663800126,0.5712471328140284,0.5093721949311134,0.41036562294898155,0.5189981654905182,0.5508126315475311,0.5160813865278177,0.2595268273275873,0.30736353937791216,0.27407129366843114,0.2208001109559759,0.2792506148608395,0.2963686121845748,0.2776812214161103,0.32878817884528083,0.358092854148201,0.3260193804776411,0.2384272510183483,0.31949962826732214,0.3440110646570756,0.3149278441553939
https://wealthtender.com/financial-advisors/dale-hershman/,Dale Hershman &#8220;The Sick Economist&#8221;,advisor,10,0.5436582409083199,0.6615644541798626,0.5930231309137243,0.33316238999474646,0.42736884663682095,0.556096933661071,0.49714036936340944,0.5005165228715015,0.6090663496763352,0.5459640876065791,0.30672446114883845,0.39345521323264154,0.5119681496053706,0.4576900529220318,0.31210670704335114,0.3973359990068196,0.3526946251878554,0.19798227595461154,0.2730348680409853,0.3536830802878822,0.2907116677477234
https://wealthtender.com/financial-advisors/damondrick-jack/,Damondrick Jack,advisor,1,0.4512974689684082,0.55877255820855,0.5625853537954362,0.2693879173160917,0.47852901631428185,0.45583483677910425,0.4948187890248474,0.34074634121880704,0.4218940230669987,0.4247728252659492,0.20339787724455066,0.36130717029911047,0.34417222234283107,0.37360655337143106,0.4512974469432036,0.5587725300520974,0.5625853253500092,0.2693879036436849,0.4785289929207881,0.4558348142111487,0.49481876455403023
https://wealthtender.com/financial-advisors/dan-bennett-cfp/,"Dan Bennett, CFP®",advisor,14,0.4736887463284358,0.5202468258582146,0.4697745761583547,0.4002847455698265,0.4773715251801218,0.5073515836459593,0.5027749929872418,0.44875021050824665,0.49285712280411453,0.4450421116745645,0.37921074804921184,0.4522391002016561,0.4806407830617054,0.47630513853261675,0.2714005507229181,0.3052472064123498,0.28099940093144676,0.23982661719865417,0.2860192275692944,0.3105110387394507,0.28820885292213094
https://wealthtender.com/financial-advisors/dan-miller-cfp/,"Dan Miller, CFP®",advisor,9,0.5965464083925862,0.6164811200132945,0.5318422195222678,0.3457187335740421,0.48360820976781155,0.5558285843481282,0.5425153848192152,0.3884694859316948,0.4014509188370746,0.34633428465572286,0.22513114959545855,0.31492442163395656,0.36195414370135853,0.3532846224296798,0.41940753782941287,0.4286374396059603,0.394762425925419,0.24712845208133508,0.34443508688540325,0.4028888994322793,0.3602595888553836
https://wealthtender.com/financial-advisors/daniel-kopp-cfp-ma/,"Daniel Kopp, CFP®, MA",advisor,21,0.5664756064805234,0.6367515802565963,0.5501234692412886,0.36163207024285093,0.5188493602800258,0.4555540395428747,0.5665729584428512,0.5353192794978344,0.6017300537967438,0.5198665146743978,0.3417421987302628,0.4903124910155601,0.43049843176045766,0.5354112770732541,0.37530354414812966,0.43580067858024957,0.3543007633829688,0.2345623513308693,0.3722516207009388,0.3096811553825629,0.4098163899867103
https://wealthtender.com/financial-advisors/daniel-masuda-lehrman-cfp-cslp/,"Daniel Masuda Lehrman, CFP®, CSLP®",advisor,19,0.49908014618119645,0.5893498880809829,0.5483019379769739,0.3927829218419847,0.5550532057448764,0.5193385004756305,0.5602699218834968,0.47575318907624553,0.5618037320892728,0.5226743591489698,0.3744242865817494,0.5291100733232642,0.4950646698769948,0.5340829606609886,0.31370360658821705,0.38788816588929287,0.33376137099442305,0.2377011652730555,0.3674282603733296,0.32408234966825183,0.3900867260075401
https://wealthtender.com/financial-advisors/daniel-p-johnson-cfp/,"Daniel P. Johnson, CFP®",advisor,9,0.4018807009514965,0.49291515099184985,0.45377433631306746,0.2664492154029456,0.39584553822829405,0.4015344594336622,0.4326429546371772,0.281447682742103,0.3452015155409849,0.3177901679298666,0.18660143188279502,0.2772210986852049,0.281205200650694,0.3029913025159835,0.3395411650953403,0.40915285273757357,0.3581768839817404,0.23432898072325464,0.33917155613558997,0.34002420731628896,0.36268003227645046
https://wealthtender.com/financial-advisors/daniel-tobias-cfp/,"Daniel Tobias, CFP®",advisor,9,0.4988190864578057,0.582818983535824,0.5623812745557907,0.4286631864038572,0.5213767071747863,0.5277631610197758,0.5438418218216718,0.42490104796225314,0.4964533306758593,0.4790442054051515,0.3651412748041358,0.4441159435875249,0.4495560139560599,0.46325204125338937,0.3378065273758932,0.3975979091883731,0.38270907469683924,0.2916411656432335,0.3639926979457626,0.3647467562563982,0.3701445221267674
https://wealthtender.com/financial-advisors/daniel-yerger-mba-cfp-chfc-aif-cdfa/,"Daniel Yerger, MBA, CFP®, ChFC®, AIF®, CDFA®",advisor,15,0.49655368952039974,0.5872177090171053,0.5423137576383573,0.35273758700412594,0.4848991952805411,0.5601411258021325,0.5027119875811311,0.31170945268006,0.36862340275540556,0.3404351395265872,0.22142951005144873,0.3043933938178693,0.35162619356632974,0.3155752979219014,0.3615289257502805,0.430398546315057,0.3927712137459763,0.25465388804847267,0.35599407767679175,0.4085303790337935,0.37359843631740103
https://wealthtender.com/financial-advisors/daniel-yerger-mba-cfp-chfc-aif/,"Daniel Yerger, PhD, MBA, CFP®, ChFC, AIF",advisor,7,0.5089062140259555,0.5988181159754247,0.5669075560838631,0.38119943892871544,0.5239373109614697,0.5190778426161108,0.5182484744854438,0.4553140398148469,0.5357574499673531,0.5072073447877775,0.3410558797085826,0.4687622337647997,0.4644145089724967,0.46367248039501024,0.3843082872339421,0.46445617256567323,0.4295100507407185,0.2813202636192069,0.41084004530176776,0.40400806801569306,0.4094369940752289
https://wealthtender.com/financial-advisors/danika-waddell-cfp-rlp-msfp/,"Danika Waddell, CFP®, RLP®, MSFP",advisor,1,0.3652996745173707,0.44961686020744673,0.4106440139830229,0.3851904952748088,0.44256322611766585,0.3717689987437024,0.39881379940949824,0.16659520109700823,0.20504811930595654,0.18727452242920406,0.1756664253964768,0.20183130398520846,0.16954554144940875,0.18187934385834714,0.3820019564857734,0.4724317296861397,0.3877223001823239,0.3502251705396687,0.4225226539565792,0.357658479908795,0.4216794229396359
https://wealthtender.com/financial-advisors/darin-kight-cbda/,"Darin Kight, CBDA",advisor,16,0.5822829683675037,0.6200849671897831,0.5223719486068914,0.32830838269577756,0.5265111898499761,0.548083376398395,0.5705435895574763,0.43991864838036115,0.4684783094581993,0.39465547520174454,0.24803916276718826,0.39778269944133265,0.4140806295964862,0.43104946975160763,0.40036316374091113,0.4168767568816054,0.3478479043496939,0.24803651652110342,0.36838938597781207,0.3714457200784891,0.37653270505058956
https://wealthtender.com/financial-advisors/dave-grant-cfp/,"Dave Grant, CFP®",advisor,11,0.5379218525291593,0.6169247671927601,0.5441283089660413,0.3539399432182435,0.5230265912847138,0.5246565468035839,0.5359125024323498,0.23053359682273997,0.2643913514226846,0.23319345665031663,0.15168569149161865,0.22415003360783917,0.2248485728225214,0.22967246299276883,0.3866187497556618,0.43514185871263067,0.3699076276645314,0.24759237852341312,0.369865906659585,0.34856622720021246,0.3900727919086417
https://wealthtender.com/financial-advisors/dave-liegakos/,Dave Liegakos,advisor,6,0.5197082728512904,0.6861700107213478,0.6398618674605896,0.36597516466486485,0.5199145233762714,0.501344804740828,0.61196009841273,0.4521512596262213,0.5969745930024309,0.5566860572986808,0.3184019580586546,0.4523306995919486,0.4361748634997979,0.5324112464484028,0.3829654828531778,0.49820237285349267,0.4508983745211769,0.27453859605722697,0.37179383738124344,0.3581886125571356,0.4451753241393471
https://wealthtender.com/financial-advisors/david-b-rosenstrock-cfp-mba/,"David B. Rosenstrock, CFP®, MBA",advisor,20,0.5064329436718118,0.643007294608381,0.6039740285269645,0.33908679960616833,0.5046254940292589,0.5772095968428461,0.5711681307764745,0.481264087523638,0.611050925453392,0.5739575463229964,0.32223476225813463,0.4795464650548835,0.548523261382613,0.5427820459066678,0.2835646348306272,0.3747678562848468,0.3374850136252262,0.19485052879458528,0.3281292023236667,0.35826419296077766,0.32856541328865235
https://wealthtender.com/financial-advisors/david-berns-hd/,David Berns,advisor,2,0.6097105342478379,0.7464210941129167,0.6385494451195389,0.2890492826592411,0.42154807754300283,0.380119238321032,0.5956146375301525,0.4482112901554911,0.5487101547365294,0.4694113920438895,0.21248632690763922,0.30988903272140944,0.2794338044871927,0.437849094164362,0.4593214522442135,0.5683495543823448,0.45488684028939336,0.22905064632607633,0.41358160264385274,0.32577649089651795,0.4695393141049817
https://wealthtender.com/financial-advisors/david-dodd-cfp-cka/,"David Dodd, CFP®, CKA®",advisor,10,0.5663898089750057,0.6418097174645988,0.6059713750977556,0.3278092633812742,0.5102469257890806,0.5298631874080456,0.5370831747947247,0.42314970868864515,0.4794959066621762,0.4527210885208368,0.24490623261081088,0.3812053723170967,0.3958606772998023,0.4012547283773425,0.353487005528388,0.4298331900975439,0.37462491573861634,0.21913135795239974,0.39165597809120983,0.3502675171674215,0.3601458113514892
https://wealthtender.com/financial-advisors/david-mathias-cfp-msba/,"David Mathias, CFP®, MSBA",advisor,15,0.5994131759229914,0.6562564482483261,0.6011772734278384,0.4316409926146912,0.504856850700025,0.5370492182179388,0.5602704303361662,0.3663539129048714,0.401095817279324,0.3674321074618252,0.2638136313420822,0.30856225745452454,0.32823783396766854,0.34243035135570765,0.36548601225972843,0.4141722286930584,0.34629672646107884,0.26275943169732696,0.3628871737430721,0.33093565424478794,0.35713373140405624
https://wealthtender.com/financial-advisors/david-rath-cmt-cfa/,"David Rath, CMT, CFA",advisor,22,0.4925330361585711,0.5649637738817628,0.554263858375014,0.46406998923703696,0.5738409840220317,0.6024504388139678,0.5200439975181869,0.4692203061824908,0.5382227292413939,0.5280292655310997,0.4421044812307833,0.5466797604540623,0.573935063452386,0.4954291099882471,0.24835320051081503,0.2913114852574123,0.2823922003011956,0.25410898448407915,0.3068766254363744,0.31266857824723143,0.2631642100114809
https://wealthtender.com/financial-advisors/david-walker-crpc-cepa/,"David Walker, CRPC®, CEPA®",advisor,1,0.4857384066615151,0.5172342944386673,0.510859079444426,0.21559875434546705,0.39882836459074433,0.6314767507175973,0.4661842936633148,0.36789226385673923,0.3917468598648101,0.3869183508471177,0.16329183102072217,0.3020676724906693,0.4782726838322324,0.35308222042603493,0.391254239684833,0.43748102557572033,0.39565187132920054,0.17699270286085353,0.3967537916742089,0.5251654787792636,0.38443212875279825
https://wealthtender.com/financial-advisors/david-warshaw/,"David Warshaw, CFP®, CLU®, ChFC®",advisor,61,0.5893405122595982,0.6715434209662838,0.588683291446946,0.3671895962551785,0.5211485347350476,0.6026151636167711,0.5775810932293776,0.4933459305378873,0.5621592390500236,0.4927957609726823,0.30738001084260513,0.4362613861917324,0.5044583436337742,0.48350194153091125,0.35119754437780604,0.4096164970387881,0.34159836939401966,0.226602212520592,0.3568593426984171,0.3724172682869955,0.3554184679965549
https://wealthtender.com/financial-advisors/deaton-smith-cfp-aif-chfc-wmcp-cepa/,"Deaton Smith, CFP®, AIF®, ChFC®, WMCP®, CEPA®",advisor,10,0.38274960608068576,0.39620447998896285,0.3521502175484174,0.33493945516272366,0.36936707538074387,0.4660720640667322,0.335714820205995,0.1835677844195672,0.19002077967742892,0.1688922318697418,0.16063790196548755,0.17714948516729517,0.22352946893052814,0.1610097692145936,0.29556239022418107,0.3058197929962702,0.2842345083949969,0.2684899956625559,0.2841226511860581,0.3655397879401656,0.2613605026655313
https://wealthtender.com/financial-advisors/deaton-smith-cfp-aif-chfc-wmcp/,"Deaton Smith, CFP®, AIF®, ChFC®, WMCP®",advisor,17,0.4756295637771343,0.566947458640585,0.5231909187857237,0.4811021806326788,0.5404148459879844,0.5667005201614,0.4668342915189809,0.3308259509983469,0.39434245987861394,0.3639074322598001,0.33463245045415674,0.37588760029511553,0.3941707008807798,0.32470836594752217,0.28650019459316767,0.32908683765791313,0.30208385252876374,0.27624425131226993,0.30902472061442754,0.3311358787834469,0.2825956803701464
https://wealthtender.com/financial-advisors/denise-sarkor-ma-cepa-cap/,"Denise Sarkor, MA, CEPA®, CAP®",advisor,6,0.5685672219737069,0.6135397906514325,0.5602063422101902,0.31215038949130974,0.5664444245771009,0.5750243156937642,0.6141406983306421,0.45767609594856384,0.49387739082052196,0.450945889455868,0.2512697990490438,0.4559673206491438,0.4628738233777172,0.49436109981748366,0.3720542784118089,0.4043786370733167,0.362953324231392,0.20526345329968526,0.41468959970896824,0.3768422488026989,0.40280927638952513
https://wealthtender.com/financial-advisors/denise-sarkor-mia-cepa-cap/,"Denise Sarkor, MIA, CEPA®, CAP®, IPA",advisor,2,0.44609844056039594,0.5059261093800037,0.5431086103848448,0.29254249554624095,0.4856267923188334,0.45885216776215626,0.47453779677151076,0.3956619167393659,0.4487253842768836,0.48170397886299715,0.2594672251490919,0.43072113685823504,0.40697368941420464,0.42088587891055756,0.38387150864644193,0.43500838109064244,0.4731102481942758,0.25476684252684295,0.43916201917187264,0.410511398505821,0.4120508364348593
https://wealthtender.com/financial-advisors/derek-j-delaney-cfp-chfc-ea/,"Derek J. Delaney, CFP®, ChFC®, EA",advisor,11,0.4774263180899277,0.6401370996544183,0.5737354437798369,0.4573324093918033,0.5106120774892183,0.5579516034297677,0.5326559500969785,0.4387214355286374,0.5882412775632239,0.5272227943272659,0.4202565371026523,0.46921683021281213,0.51271854763169,0.489473609256287,0.2141160647510718,0.29188271410751626,0.2551931713882419,0.20072009305734495,0.28550837168268206,0.2937506122228215,0.23268406288201154
https://wealthtender.com/financial-advisors/derrick-alexander-aif/,"Derrick Alexander, AIF",advisor,6,0.44196914403778764,0.5158803156157018,0.5037539958425404,0.47059476310144466,0.505574127935194,0.5672976555453807,0.4922961541659253,0.29523909991317454,0.34461238323977283,0.33651189979339563,0.3143612538481765,0.3377277633169185,0.37895959812016317,0.32885796532945005,0.25163107397735685,0.3079232385413816,0.2754157518663484,0.2731235157127914,0.34735907973421887,0.3501488731940656,0.2886892992179006
https://wealthtender.com/financial-advisors/doug-buddy-amis/,"Doug “Buddy” Amis, CFP®️",advisor,3,0.3506260838771982,0.371582241532773,0.33731899090785333,0.27414739354235634,0.43618814170455333,0.38184003000310823,0.3686778037995451,0.3075233501987171,0.32590335130494424,0.2958521083843979,0.24044624398200448,0.38256719856848137,0.3349001419633711,0.32335595833209674,0.28837815661313576,0.29826542681684187,0.27326599728380874,0.2356959225755942,0.37704144247613314,0.3143708928141352,0.3167003385918649
https://wealthtender.com/financial-advisors/doug-greenberg/,"Doug Greenberg, CIMA®",advisor,19,0.48784063302496006,0.582197217343648,0.5132065455064795,0.2851143968043699,0.4499406786614761,0.48895335423072084,0.47702471034388316,0.35884512081069614,0.42825180325363243,0.3775037427308566,0.20972404355030042,0.3309667261432549,0.35966361469677094,0.35088915974795365,0.3638807397227208,0.4391172026264925,0.3891737047367459,0.21602797821933437,0.34609827840815865,0.3698740712878577,0.3564402967767259
https://wealthtender.com/financial-advisors/doug-oosterhart-cfp/,"Doug Oosterhart, CFP®",advisor,15,0.5909596146321371,0.719496824352827,0.6168851155965893,0.3655647789962052,0.5163578124984455,0.538388665066282,0.6024314735885923,0.5376759301787999,0.6546236235371348,0.5612638666490275,0.3326037477362041,0.4698005756501886,0.48984502344958203,0.5481134326452431,0.3920288237401619,0.4722459831762047,0.41903163668500826,0.22866439054878684,0.363852349449347,0.3712278701614464,0.3803205674926785
https://wealthtender.com/financial-advisors/dwight-dettloff-cpa-pfs-cfp/,"Dwight Dettloff, CPA/PFS, CFP®",advisor,4,0.483787375735874,0.5297901312637554,0.5273206039740955,0.28348489179408876,0.42677250796198435,0.40792802135743933,0.5359552143065306,0.38581687427041755,0.42250373348950415,0.42053430363744787,0.22607711639543815,0.34034793652063844,0.32531959704001984,0.4274203418767383,0.32726188740388584,0.37985322641944697,0.39062959207913095,0.21426883399768962,0.325024662633282,0.3010101442164211,0.393715637327971
https://wealthtender.com/financial-advisors/elizabeth-alf-cfp/,"Elizabeth Alf, CFP®",advisor,24,0.4991945092801614,0.5392368739721494,0.4848727798391533,0.41882783638940646,0.5672005634125434,0.5276875935592841,0.4998723453204823,0.40183356566564205,0.4340662242440953,0.3903050902902272,0.3371412941602037,0.45657598512508624,0.42476947028767315,0.402379199217205,0.3763005180906474,0.41146959389716853,0.3734443757518603,0.31769105552688776,0.43084107088752766,0.40027281052268326,0.37986465822621407
https://wealthtender.com/financial-advisors/emilio-cabuto-cfp/,"Emilio Cabuto, CFP®",advisor,24,0.5143019501526491,0.5358358879963676,0.47007924953197083,0.41325564737941023,0.5002052877167935,0.5104648175776294,0.49869552463913824,0.47437365213158217,0.49423578319421413,0.4335842209534077,0.3811721706541978,0.46137139685998885,0.47083441882168525,0.45997884560719265,0.30721989948468076,0.30701660398941805,0.27380703683077995,0.211328734257802,0.3315320713888939,0.2943279062356804,0.2969839061038366
https://wealthtender.com/financial-advisors/emily-rassam-cfp-crps-aifa-nssa/,"Emily Rassam, CFP®, CRPS, AIFA, NSSA, CDAA",advisor,7,0.6153612929391495,0.630518541304116,0.5279431196142338,0.34066568400177194,0.5160387201355165,0.5253405980270413,0.5446525326309098,0.2656959860627193,0.2722404666736013,0.22795123671323117,0.14709001990726747,0.2228112462811468,0.22682753987481608,0.23516589908952432,0.4608874539037819,0.4395196478175532,0.3866529637494023,0.22346181075936433,0.37153626860778205,0.36213917737117846,0.4132689445717544
https://wealthtender.com/financial-advisors/eric-johns-cfp-ea-mba/,"Eric Johns, CFP®, EA, MBA",advisor,5,0.4653232054707911,0.5988055850082413,0.5384701570672737,0.37931405380995376,0.4835827239715269,0.5353201779332376,0.4814555140692887,0.3459182489245833,0.4451481829769047,0.4002952176915424,0.28197960416281176,0.3594922563923389,0.39795354366070995,0.35791090236609296,0.29862651498411924,0.40455870594053867,0.38067723832009537,0.2526223913865477,0.2993652582054962,0.3310824148849205,0.32452696858478625
https://wealthtender.com/financial-advisors/eric-simonson-cfp-crpc-cltc/,"Eric Simonson, CFP®, CRPC®, CLTC®",advisor,9,0.4000163923080926,0.4703498087767671,0.48604405869022843,0.4057485382006151,0.45342514002554724,0.49450627640395783,0.4100474102695989,0.33154565180303414,0.3898401088678858,0.40284797658824345,0.33629662721981857,0.3758124329011681,0.40986171787871645,0.33985966205922863,0.3182834998179457,0.365916758414362,0.37746794159815367,0.3176731348087407,0.3557349636490502,0.3690205087656426,0.3204599560588246
https://wealthtender.com/financial-advisors/erik-baskin/,Erik Baskin,advisor,6,0.4608827556200489,0.5786580401323244,0.5515659767916381,0.31524092535756015,0.4175060725594942,0.5245248142019577,0.5035818990812357,0.22646519012043415,0.28433674611449056,0.2710244466188218,0.15490077514138148,0.2051510735553947,0.25773715836107264,0.2474463822435979,0.3048318562005695,0.39316835943046674,0.3783491585121979,0.22574086171287772,0.33056073321326757,0.34842327957655383,0.33833014988768184
https://wealthtender.com/financial-advisors/erik-nero/,"Erik Nero, CFP®, RICP®",advisor,7,0.6064210547935088,0.6494826448338166,0.5917833287777011,0.38008028150516915,0.5492327453544834,0.5426105022063172,0.6095826014856386,0.5462825873856394,0.5850737814548653,0.5330964772099633,0.3423879134038423,0.49476561349165277,0.48880009482655834,0.5491306051011622,0.38915181999091886,0.4223064841076363,0.3799624950604064,0.24381347444702192,0.37751004651604525,0.347430142729319,0.3998299521334222
https://wealthtender.com/financial-advisors/evan-luongo-cfp/,"Evan Luongo, CFP®",advisor,6,0.49132479116639044,0.5992311782969358,0.57074302167963,0.3466318278450017,0.5129807754092561,0.5244244456733673,0.49084812715709836,0.41721845416785996,0.5088493607349136,0.4846580622707191,0.29434947712600623,0.43560807429641546,0.4453256999962397,0.41681368521524503,0.3848652386755957,0.4910172757387955,0.4329902376630726,0.2722518766118791,0.3928414905327901,0.3906097427103314,0.3964519326024205
https://wealthtender.com/financial-advisors/flavio-medeiros/,Flavio Medeiros,advisor,30,0.4849910797208027,0.5507546140590038,0.48269490383946995,0.44325908526165686,0.5161316259589531,0.467323136467609,0.5248354340719805,0.45632635404224553,0.5182030258168268,0.45416589045439665,0.4170608712844677,0.48562638144876935,0.4397026500912448,0.4938157630447934,0.24776413017710086,0.29920232147264064,0.27639105297087013,0.23963347951843422,0.29297238688739113,0.2715470761612058,0.2651417244772336
https://wealthtender.com/financial-advisors/frank-granizo-cpfa/,"Frank Granizo, CPFA",advisor,8,0.623294061274094,0.6675693852168234,0.5715704795737834,0.37805844792084325,0.5665040716138487,0.5592495760229763,0.5832990156598833,0.574189721344361,0.6149769476258703,0.5265410257949045,0.348274255043946,0.52187375948278,0.515190787414504,0.537345564592032,0.42893224687107734,0.46806599124342396,0.4155326530817732,0.25578706365329246,0.3619320557975893,0.3394207858538383,0.39174521962984044
https://wealthtender.com/financial-advisors/fredrick-standfield-cfp-cpa/,"Fredrick Standfield, CFP®, CPA",advisor,25,0.5930124688752983,0.6907655502130662,0.607409406298985,0.38776982583632713,0.5635090152604618,0.535044770110273,0.6119981635730186,0.5614427029192635,0.6539917758064722,0.5750732012395511,0.3671264105811933,0.5335099028309569,0.5065609876353154,0.5794176702384247,0.392405115601549,0.45368371825138454,0.4178807500080192,0.2609131014584856,0.3765808669315138,0.35851302903147,0.4038937390442299
https://wealthtender.com/financial-advisors/gary-cassell/,Gary Cassell,advisor,6,0.6013856911559142,0.6353475693803727,0.5364414109847635,0.328855295965939,0.5115358927970532,0.5928953618913796,0.5218401854386753,0.3756444676125691,0.396858127751752,0.335078222176163,0.2054133884317375,0.31952145011154054,0.37034114020831793,0.32595783624511554,0.3716953494477812,0.3738050653989821,0.3116071522914364,0.17942270471882196,0.3212690168796144,0.3254277170654898,0.30433641074271145
https://wealthtender.com/financial-advisors/gary-pia-cfp/,"Gary Pia, CFP®",advisor,3,0.4626895513956383,0.5522336940602252,0.5498090086417562,0.49519376023151457,0.49705287272370885,0.45818014425760545,0.49660427976586624,0.3029927260202677,0.36163079943959064,0.3600429917130757,0.3242781404252558,0.32549558214247054,0.30003973614321866,0.3252018205851588,0.2682448458072999,0.29528323552885855,0.27011508989062294,0.22058078691341368,0.31330804302387283,0.23872165341800183,0.2791408241279916
https://wealthtender.com/financial-advisors/gerry-barrasso-cpa-cfp-pfs/,"Gerry Barrasso, CPA, CFP®, PFS",advisor,46,0.6060768580625493,0.691011628792723,0.6201142889315066,0.37027209736181593,0.4860098513435592,0.5431969916427709,0.562901826239864,0.3769308957583508,0.42975346897900824,0.38566104494849895,0.23027936387320194,0.3022589068982483,0.33782469320420805,0.35007951015794475,0.39997532968961325,0.45464011566818247,0.4047992203112125,0.21044897220106645,0.33186319425987454,0.3637048742987642,0.38063925793994347
https://wealthtender.com/financial-advisors/greyson-hanna-cfp/,PAX Financial Group,advisor,1,0.30475986343576383,0.3147880300132958,0.2084818855337623,0.17558047760000753,0.33101906351005217,0.3237041506746208,0.28484569947249283,0.28710419212278004,0.2965513963289265,0.19640389204669978,0.16540856333762968,0.3118421163957646,0.3049509788411377,0.2683437166060278,0.28536594938459103,0.30143138734248953,0.18721348674612337,0.18174699223059937,0.3079733700268344,0.30721091006218515,0.26670966851038846
https://wealthtender.com/financial-advisors/hazel-secco-cfp-cdfa/,"Hazel Secco, CFP®, CDFA®",advisor,14,0.5168752487360926,0.5777154617885768,0.5160821777007897,0.46479882403556677,0.5958816839793112,0.5076593641277726,0.5240863671548728,0.4499661381264295,0.5029306315452158,0.4492757295377276,0.4046309672757711,0.5187452499923157,0.44194324282091,0.4562437827116668,0.2998316828043101,0.31786268877306106,0.27564710429717537,0.30009671427044715,0.3458345918277815,0.25854957656361405,0.28443363130911437
https://wealthtender.com/financial-advisors/holly-simeone-ces/,"Holly Simeone, CES™",advisor,4,0.34215178158064063,0.38644209247672606,0.3453970059655711,0.37788799038203197,0.4257580210591376,0.42055426136819596,0.33297973324336644,0.22170302980245532,0.2504016853265987,0.22380582779229471,0.24485891029596155,0.2758771057553628,0.2725052417115287,0.21575984605963108,0.25644449037046824,0.29085950650343817,0.25665461800226597,0.28699176405962923,0.3400434549186507,0.31351885306124355,0.2553359581847136
https://wealthtender.com/financial-advisors/hunter-kelly-cfp/,"Hunter Kelly, CFP®",advisor,10,0.49861712720921836,0.6040927340517673,0.5178842856785484,0.4039545488949572,0.5348749120226243,0.5166022962973255,0.5215198336182972,0.43650691038134054,0.5288439536777292,0.45337405624604005,0.3536359712702753,0.4682482460926804,0.45225175780620985,0.45655674234349775,0.314052709322311,0.33789855496551474,0.2903573656389013,0.20461810779835102,0.32154985582165996,0.31501942927011456,0.2756026193037289
https://wealthtender.com/financial-advisors/ian-weiner-cfp/,"Ian Weiner, CFP®",advisor,6,0.5998945674105007,0.6217241875604013,0.554913243418933,0.34873967180903126,0.5182888296472699,0.521405683084015,0.5284125999367323,0.5557342824097588,0.5759569497722065,0.5140641870825082,0.32306775521770453,0.4801358213132858,0.4830232325387663,0.4895143463454118,0.3943303800325283,0.41653930117857874,0.3783452533048207,0.2253484794849419,0.31799029723528954,0.38518705177372103,0.36718599424004195
https://wealthtender.com/financial-advisors/igor-aronov-cfp/,"Igor Aronov, CFP®",advisor,5,0.5150794836726573,0.6072265467590043,0.5373656639360209,0.3325108945304936,0.4935851174889137,0.4334841486363674,0.5464864552735896,0.46371095522321276,0.5466682540465124,0.48377454980577045,0.29934980796643473,0.4443602076377871,0.39025306774990426,0.49198573079356456,0.3717607625196889,0.4358587109909887,0.41602466704447877,0.24092244464224222,0.3320450782932321,0.36092756774034257,0.37758166040410296
https://wealthtender.com/financial-advisors/jack-hudson-cfp/,"Jack Hudson, CFP®",advisor,5,0.4140789695251901,0.4219211270169023,0.47597991651028554,0.373530288834729,0.41886597158651206,0.5718391582354398,0.3955132649196074,0.383120569999675,0.390376412651373,0.44039352476877014,0.34560349040329363,0.3875496743331459,0.5290858999734073,0.3659429206757009,0.3244500352058547,0.32968337365303113,0.36918647099307106,0.29642132449363756,0.3396812535359787,0.44842912975478544,0.3088576518970021
https://wealthtender.com/financial-advisors/james-e-warburton-iii-cfp/,"James E. Warburton III, CFP®",advisor,13,0.5618942866494309,0.6346410268715905,0.5101681072229679,0.4016975024605592,0.5170012718540953,0.5428618874270345,0.573758231556465,0.44978109023134466,0.5080128767173919,0.4083756908017327,0.3215479226124309,0.4138454531939535,0.4345461724267642,0.45927785537296956,0.36362259736893443,0.42523968002922236,0.33991487338980103,0.2818708244755682,0.3819126633077203,0.38187822275620853,0.3827878061100466
https://wealthtender.com/financial-advisors/james-regan-aif-ricp-nssa/,"James Regan, AIF®, RICP®, NSSA®",advisor,21,0.6001520585101041,0.6315128570285051,0.5808137532705273,0.414202659398333,0.5265772981675296,0.5581924937279398,0.5713683837680795,0.5504702511627048,0.5792349390318811,0.5327328101403108,0.37991412129334895,0.48298615903852365,0.5119841844454533,0.5240693475251126,0.3605031390867662,0.39163547877314536,0.35978014213492754,0.2688151914429257,0.35082458702117786,0.35411286177842505,0.3527974751058769
https://wealthtender.com/financial-advisors/jane-mepham/,"Jane Mepham, CFP®",advisor,6,0.5525699659178523,0.6058770610109888,0.5498016824668119,0.36642556869704157,0.5351506823747996,0.4748846163290383,0.5398235900123809,0.5287112848534081,0.5797167040344517,0.5260625294187778,0.3506041681204135,0.5120441253056116,0.4543802072908356,0.5165152677010605,0.3966942533386802,0.4626362399003902,0.4147501711821749,0.2868228547038271,0.39582593060605176,0.34008158484146217,0.396269748321039
https://wealthtender.com/financial-advisors/janet-z-wan-cfp-cpfa/,"Janet Z. Wan, CFP®, CPFA",advisor,9,0.49799950833392265,0.6029903126904652,0.5934509549264556,0.43455041438877656,0.4981959653823925,0.5441761334878408,0.4982561760465905,0.44500228297738426,0.538819941124479,0.5302957640679111,0.3883054566032031,0.4451778330203326,0.48626478077066737,0.44523163605141863,0.3373104476888402,0.43069241900744043,0.4259569429953677,0.32062240211228904,0.3707867711264923,0.378368693930761,0.33446922783721
https://wealthtender.com/financial-advisors/jared-davis-cfp/,"Jared Davis, CFP®, MBA",advisor,17,0.5521119530170708,0.644794484656214,0.5807393688353825,0.37967479047901176,0.5160000618076543,0.5981263716172328,0.5626318463852429,0.4697122924129232,0.5485624679343165,0.49406722448131296,0.3230104243038887,0.4389899015814085,0.5088593130970798,0.4786621497795336,0.37515720420608883,0.4572504544114217,0.3856356664874097,0.22588440104844404,0.3379819120312641,0.3883779274583154,0.3840344091098425
https://wealthtender.com/financial-advisors/jason-siperstein-cfa-cfp-rma/,"Jason Siperstein, CFA, CFP®, RMA®",advisor,35,0.4176400493817045,0.5031062711018992,0.39817172932273776,0.35834030365618036,0.5270632937535213,0.4596762335628108,0.4622371608410392,0.2892297720789402,0.34841800334453854,0.2757473060612509,0.24816270495756612,0.36500904678368323,0.318341242561163,0.32011477078023426,0.26987887378898756,0.32015289969838834,0.2512534558434432,0.24788753546715211,0.3642035141284628,0.31014336665235837,0.3006706735178933
https://wealthtender.com/financial-advisors/jay-slagle-cfp-aif/,"Jay Slagle, CFP®, AIF®",advisor,13,0.5329026078600997,0.5901652891755214,0.4807308675040833,0.40973017275045104,0.5495969061761279,0.5397347611810437,0.5551830517342481,0.30398659585086407,0.33665126535260864,0.27422598009008653,0.2337246592429779,0.3135096172066546,0.30788389903484537,0.31669615325863476,0.3181026969342741,0.36748320249288713,0.29407649736638497,0.24992636340532873,0.3630931596681774,0.33660353524828185,0.33784171785122263
https://wealthtender.com/financial-advisors/jeff-mahoney-cfp-ricp/,"Jeff Mahoney, CFP®, RICP®",advisor,13,0.5896176618797411,0.6565595536481483,0.575139087752877,0.4623345105736535,0.5622942731940798,0.5210374449091129,0.5512297444506257,0.5381250197025901,0.5992207248616911,0.5249108921568774,0.42195779349360624,0.51318784426599,0.47553406798165304,0.503089605809074,0.3470610933843146,0.39633598774818024,0.35129238252803996,0.2799991876847289,0.3745577526685891,0.3269643284103751,0.3242226114366121
https://wealthtender.com/financial-advisors/jeff-mcdermott-cfp-cslp/,"Jeff McDermott, CFP®, CSLP®",advisor,21,0.5628578309590294,0.6707205360888412,0.5967060322846571,0.3594845804608848,0.5344636302097378,0.5512295770640169,0.6232080575485475,0.5111537604492346,0.6091082070372636,0.5418926689984108,0.3264623587327716,0.485367848466414,0.5005936769273144,0.5659602205683639,0.3463909055057991,0.4349055735584043,0.391382620706771,0.2322706233451593,0.37452997280310035,0.3657383846188791,0.39224990111821567
https://wealthtender.com/financial-advisors/jeff-schlotterbeck-cfp/,"Jeff Schlotterbeck, CFP®",advisor,55,0.5160958961464569,0.5940916488013183,0.5530043259418634,0.41531732548286276,0.513248272220808,0.5665807269646712,0.5318074686897145,0.4931984996102091,0.5677338494794324,0.5284694295555573,0.3968911268617127,0.4904772149457294,0.5414434924468745,0.5082130038190399,0.26868581875228303,0.3164149180194968,0.3050133062923272,0.2224383439583035,0.30949623331850273,0.33120976714046796,0.2752838763367698
https://wealthtender.com/financial-advisors/jeffrey-davis-aams/,"Jeffrey Davis, AAMS®",advisor,1,0.5638032436502736,0.618788468117408,0.5037046128244528,0.32568949048675394,0.45846639323472516,0.5028944524469089,0.5066009086534268,0.5171304650841055,0.567563900900025,0.4620069210820194,0.2987282524271776,0.4205136132667778,0.4612638274273625,0.4646634556548995,0.43276973901119575,0.49062737770182063,0.41882596032207836,0.28199363494700264,0.4148931086035334,0.4520170049208269,0.3972352152195842
https://wealthtender.com/financial-advisors/jen-swindler-mfpa-cfp-cdfa-afc/,"Jen Swindler, MFPA, CFP®, CDFA®, AFC®",advisor,1,0.5163941122982484,0.5867135839229751,0.4719538464399455,0.2716576715111351,0.42994204098495636,0.39377481280852406,0.5422025353732324,0.4009578852420333,0.4555579396626834,0.36645192439976926,0.21093053325900454,0.3338315589284003,0.305749257098606,0.42099701909567494,0.4177827827494414,0.4887273198242037,0.3917549459859955,0.2629669940769243,0.39815396304503614,0.36501698653324327,0.4442398001285298
https://wealthtender.com/financial-advisors/jennifer-kirby-cima-csric/,"Jennifer Kirby, CIMA®, CSRIC®",advisor,12,0.5865463824179017,0.6359958817273187,0.5346429386603833,0.34393971631849213,0.5249087010028465,0.4979570847372633,0.5357697718636715,0.5570496238709488,0.6040123634199797,0.5077563459829392,0.32664337442455155,0.49851163220011996,0.47291538243455533,0.5088265120105079,0.370635392021859,0.43383347725169835,0.37081799259649284,0.2510215093468031,0.39577983416395934,0.36827179865864684,0.3568902765029459
https://wealthtender.com/financial-advisors/jeremy-chambers-cfp/,"Jeremy Chambers, CFP®",advisor,20,0.5428182563790982,0.6415628480799763,0.5638218377729348,0.3728596537376692,0.46948531463641346,0.4888939454542162,0.59624095378806,0.49943262323022114,0.5902848926287005,0.5187574591757301,0.34305823869133695,0.4319609362828319,0.44981830067455586,0.5485854245471284,0.3301417545960148,0.4300716648838122,0.37433200739907724,0.26663962833062593,0.3734709078202897,0.3606277759169838,0.4090198441745292
https://wealthtender.com/financial-advisors/jim-crider-cfp/,"Jim Crider, CFP®",advisor,10,0.4812191281268794,0.6175030909052608,0.5071307596748965,0.3671364967184071,0.5084336481152878,0.45055124154998755,0.5493447006468386,0.389295287226572,0.4995459014128738,0.4102572055220034,0.29700504320698157,0.41131121252210057,0.3644856672098974,0.4444073199191704,0.24865119198038838,0.341374425436551,0.31265191888066973,0.21523638742109674,0.3114187835184897,0.27603144285180986,0.30370716644415385
https://wealthtender.com/financial-advisors/joe-petry-phd-cfp/,"Joe Petry, PhD, CFP®, CRPC®",advisor,16,0.5725549806749793,0.6766479360380061,0.6151270906592515,0.392768781665795,0.5065966837554341,0.5047652488102838,0.5718847701615701,0.5006118953883387,0.5916252887561273,0.5378347043573264,0.34341631961228114,0.44294143726298235,0.4413401270829686,0.5000258986426084,0.3730893721999435,0.44017054562146257,0.39009364624399734,0.27404495457068667,0.36153660683215577,0.3324140816402911,0.36311694920619797
https://wealthtender.com/financial-advisors/john-boyd-cfp/,"John Boyd, CFP®",advisor,47,0.5167312833680405,0.6020568421288754,0.5492394418003371,0.39729149897418725,0.5353985773447232,0.5720042978047564,0.5370067653147296,0.4695562050027113,0.547091951049148,0.4990965250808833,0.36102069788038743,0.4865192649131334,0.5197830593336478,0.48798063306410955,0.31665719275679005,0.3853084964133193,0.3393113148914877,0.2530094009110378,0.3756808897701856,0.3627638515871699,0.3490814584307772
https://wealthtender.com/financial-advisors/john-foligno/,"John Foligno, CMC®",advisor,6,0.4941028235196572,0.611540304057245,0.5436473423742721,0.2932314709815221,0.5068084350409207,0.4986215716716045,0.539299044389828,0.39872518978381405,0.4934934839245576,0.43870603333037617,0.23662842702424483,0.4089782122803227,0.4023716751482087,0.43519709580451127,0.3288902885312026,0.4279032183760141,0.36174027521163654,0.20635348518044114,0.39618996693151254,0.3219077021317365,0.38384078495697616
https://wealthtender.com/financial-advisors/john-henry-phd/,"John Henry, PhD",advisor,5,0.4693896454274909,0.5487421336274656,0.49023774186520974,0.42694883363368136,0.5825313006260673,0.45551260048367487,0.4857394848508446,0.29834371754515154,0.3487801013824584,0.3115947524914044,0.27136836840921663,0.3702564713733974,0.28952347786281135,0.30873566360179605,0.3811778090604306,0.42659970825282734,0.37405053384783576,0.25760724716163386,0.4007367723064838,0.3066946501629871,0.4105697784951191
https://wealthtender.com/financial-advisors/john-piershale-cfp-aep/,"John Piershale, CFP®, AEP®",advisor,5,0.4725743352325832,0.5947641447721795,0.5175180792572546,0.4353316204841764,0.43942764201572265,0.4974874860196421,0.45837506011824264,0.4304997342003588,0.5418106468060961,0.47144201230157484,0.39657284142443555,0.4003041828222744,0.45319479821953323,0.41756465984945657,0.3288713982764617,0.4359920864785467,0.37716612799088056,0.3319114124825453,0.36670593637421417,0.34572679124420896,0.33264366269092027
https://wealthtender.com/financial-advisors/john-white-clu-chfc/,"John White, CLU, ChFC",advisor,10,0.4089613150481168,0.4435996327794751,0.3339843122301362,0.3614051350848861,0.4811583551359387,0.424554943979377,0.3837129469401464,0.31852946601683707,0.34550836217329356,0.260131803958399,0.28148917870333867,0.3747618864952009,0.3306749431413779,0.29886416048474274,0.2728155482455305,0.3084258052249705,0.2241305898717611,0.24667803988168452,0.3715203296110341,0.26576133704386556,0.28264376504499616
https://wealthtender.com/financial-advisors/jonathan-blumenthal-cfp/,"Jonathan Blumenthal, CFP®",advisor,18,0.5111640003115728,0.5996764308062761,0.4746123193057757,0.3575160734752068,0.517686974101748,0.5294021229797403,0.534442462182162,0.46420852050746864,0.5445902069748689,0.43101447368214585,0.3246746786244838,0.4701322945029007,0.4807712908423585,0.48534862493197634,0.3202688333432932,0.39657075237133044,0.30045026410902664,0.24327015793222306,0.3697665535613976,0.35290159393966003,0.35136881188935326
https://wealthtender.com/financial-advisors/jonathan-l-booze-j-d-cfp-aif/,"Jonathan L. Booze, J.D., CFP®, AIF®",advisor,20,0.3703466908108049,0.44990706091394084,0.3563574513581398,0.3055361402057464,0.43393714758437496,0.41319408886246617,0.39429169161519606,0.2386335248738782,0.28989838568960646,0.2296195344596918,0.1968727355279762,0.27960814466862954,0.2662423192345261,0.25406252717588246,0.29915422307519646,0.36437021178568624,0.2874008937874679,0.24670564322334118,0.3518711522699194,0.3336339961162702,0.3193044143693931
https://wealthtender.com/financial-advisors/jonathan-owens-cfp-cepa-aif-aep/,"Jonathan Owens, CFP®, CEPA®, AIF®, AEP®",advisor,1,0.31720608285515706,0.4729723196173012,0.3462220073496488,0.2715840444659883,0.2963057928531642,0.41473736317316806,0.3866769420369871,0.22035975049197368,0.32856892718564,0.24051680997944763,0.18866659724004464,0.20584053746618755,0.2881137115843692,0.2686204302935057,0.31720608031964315,0.472972315957782,0.34622200465721004,0.27158404240578216,0.29630579065578466,0.41473735991861194,0.38667693909167533
https://wealthtender.com/financial-advisors/jonathon-armstrong-cfp-abfp/,"Jonathon Armstrong, CFP®, ABFP™",advisor,1,0.3643862511556766,0.5279032545859349,0.49303725343098154,0.2897746369497601,0.3419630346407962,0.4597451170558582,0.3795181059279314,0.2929533239526612,0.4244150613967758,0.39638406160222894,0.23296829345885545,0.27492587151473175,0.36961839198202395,0.30511878612101073,0.33569158462545673,0.48380607410513565,0.44305558176630033,0.27710353660061116,0.3383951845520793,0.4179778280533111,0.36634853451706106
https://wealthtender.com/financial-advisors/jordan-benold-mba-cfp/,"Jordan Benold, MBA, CFP®",advisor,30,0.4781952091434941,0.6151086421315609,0.5628643576684258,0.42795655598899185,0.5175710511214997,0.5303241039600582,0.5639888973920003,0.3990621761988253,0.5133188050281505,0.46972004566552134,0.3571371508665079,0.4319219976461129,0.4425646409048143,0.4706584935226549,0.29919251990024726,0.38323930193004413,0.33389190584735284,0.2645020404613868,0.3436022987836413,0.33833843922268564,0.34461698001855906
https://wealthtender.com/financial-advisors/jordan-curnutt-cfp/,"Jordan Curnutt, CFP®",advisor,1,0.3138538594899018,0.32583123694196725,0.3142821464485198,0.4083992502845988,0.3477181747537912,0.4181849763243854,0.2852932378562941,0.29219957920549355,0.3033505800476277,0.2925983165964907,0.38022183087042255,0.3237274332400854,0.3893323928233435,0.2656094915871639,0.31385387551850297,0.32583125361099496,0.3142821625085498,0.40839927109519775,0.347718192400784,0.41818499770439255,0.2852932524379209
https://wealthtender.com/financial-advisors/jordan-gilberti-cfp/,"Jordan Gilberti, CFP®",advisor,8,0.5496414388802505,0.6441698708022142,0.5399701625449707,0.36433589523421045,0.49403470543920674,0.49777829149448305,0.5596902049889914,0.5239512519113455,0.6140614341924159,0.5147320100838487,0.3473068712088047,0.47094357173990364,0.47451218294996095,0.5335303396772995,0.39287368246515486,0.45663498645233275,0.3871447920963366,0.2640579309944448,0.38158165962621765,0.3607394042782476,0.40878603721734835
https://wealthtender.com/financial-advisors/jorey-bernstein/,Jorey Bernstein,advisor,3,0.5128486714750496,0.5703712587664194,0.47744942658000394,0.3340582113119332,0.4974591153453867,0.5002392503920642,0.49162089323867253,0.27168646893445053,0.30215960749249055,0.25293338175023494,0.17697051956643953,0.2635337049791286,0.2650065080027186,0.26044085120519517,0.4048086070104015,0.43690251841675365,0.37942753564070963,0.2639705049147825,0.3960100724384343,0.38431202749006543,0.39155376475304154
https://wealthtender.com/financial-advisors/jose-v-sanchez-cfp/,"Jose V. Sanchez, CFP®",advisor,10,0.48900672422276104,0.6002064775928395,0.5286167554046647,0.3394836908367834,0.4928188875714081,0.4930667572882828,0.5877308016535313,0.4488046688415966,0.5508625057064147,0.48515829354002005,0.31157417249280844,0.45230342790667755,0.45253091984224253,0.5394124758169161,0.3143374551017587,0.4205322099359401,0.37673018428830735,0.27696427411895164,0.3793704427103922,0.34052801772475083,0.38304983016276944
https://wealthtender.com/financial-advisors/joseph-carbone-cfp/,"Joseph Carbone, CFP®",advisor,21,0.3807062754625567,0.4611970918359257,0.3950554799778186,0.327555089225465,0.400107478040421,0.38170751666334796,0.37974331972836345,0.36426826730841094,0.4412836781495975,0.37799790667324057,0.3134120252030024,0.3828317712542053,0.3652262772517114,0.3633468897546434,0.2895901849691857,0.35391691895191485,0.3026154626446045,0.24971979474144781,0.3036817340469707,0.28645424237582534,0.29162206966700044
https://wealthtender.com/financial-advisors/josh-radman/,Josh Radman,advisor,8,0.5979990983243066,0.6995328247759544,0.6007135263616507,0.36154302533080285,0.5075567929882099,0.5216918224875803,0.5810377208649016,0.550887545645999,0.6444222441463406,0.5533881256694725,0.33305995013708534,0.4675704641507554,0.4805919080465107,0.53526241907713,0.3930862865645801,0.507157550987653,0.4084580006285941,0.26601098202490975,0.38898334377258964,0.3530291986954591,0.4308035834621318
https://wealthtender.com/financial-advisors/josh-ross-cfp-ea-mba/,"Josh Ross, CFP®, EA, MBA",advisor,11,0.44831732411691344,0.5191072577275198,0.46947113606231816,0.27697778154599895,0.46018141266934554,0.45939543245340986,0.5216548562694822,0.4260367154392423,0.49330850972252493,0.44613921890147573,0.2632124567836961,0.43731117896463695,0.43656426062893094,0.4957294969489576,0.2739040636708393,0.34497086522192444,0.2780881873375548,0.18309997903153494,0.35261902735134765,0.28600885166348977,0.3710312435980823
https://wealthtender.com/financial-advisors/joshua-lutkemuller-cfa/,"Joshua Lutkemuller, CFA",advisor,1,0.3867221051360749,0.5133777822261567,0.33651661092058527,0.2543726157621926,0.4290591076093922,0.35704064866267704,0.5087845459651738,0.16429876282742803,0.21810838677858196,0.1429689746482858,0.10807012454640887,0.18228562480352412,0.15168860552654273,0.21615695182042746,0.3867221225633091,0.5133778053682971,0.3365166261091598,0.2543726273132136,0.4290591270463162,0.357040664886519,0.5087845689839495
https://wealthtender.com/financial-advisors/joyce-zhang/,Joyce Zhang,advisor,1,0.32609119136709275,0.3700370751471679,0.39807995370524485,0.27745889022346076,0.44411585406638887,0.40538603184786687,0.34466930234655735,0.29138848972491405,0.33065764216849297,0.3557161909637547,0.2479316495610305,0.39685293992996407,0.36224475454397836,0.30798951374384864,0.33195237410205103,0.35785139556143836,0.3702379593588718,0.25365119314713447,0.39899810985867856,0.35179967441849,0.3716095430524997
https://wealthtender.com/financial-advisors/justin-belkin-mba-cfp/,"Justin Belkin, MBA, CFP®",advisor,1,0.544506737523532,0.6366099516235754,0.6196739949949008,0.26884646445403926,0.4446204782182332,0.42826238923478105,0.6669988348405382,0.3977979447411876,0.46508539363427204,0.45271256465927373,0.1964100049471463,0.3248244699954945,0.3128738113000555,0.4872864693118067,0.3819453317157413,0.5149012650838025,0.49094604929492885,0.2623569811079039,0.4505633125755222,0.38732549930641913,0.5099725022542475
https://wealthtender.com/financial-advisors/justin-green-cfp-mspfp/,"Justin Green, CFP®, MSPFP",advisor,12,0.47718417444647593,0.6322085360338884,0.5089274618383661,0.35010036249942555,0.5121104544697417,0.5042843417070919,0.558878682352347,0.37960575892515436,0.5029295059889387,0.404857926424539,0.2785090556716968,0.4073900354050771,0.40116426842915937,0.4445947240550195,0.2360818133067157,0.37074510897122886,0.28947773092285284,0.23304192694070813,0.35618484153250146,0.3130455725852418,0.3249005072215296
https://wealthtender.com/financial-advisors/justin-long-cfp/,"Justin Long, CFP®",advisor,12,0.595420528694947,0.6754479976217005,0.5766463751923612,0.37626889163790994,0.5295908090914975,0.5373754989793231,0.5958401835027657,0.25264990355701256,0.28660730228925263,0.24468362116801037,0.15965908900081988,0.2247169192082015,0.22802013274316532,0.2528279722355561,0.33083310563686336,0.4087979253630535,0.34676521255530973,0.260215657485617,0.373645102526869,0.34863486078693795,0.35579279382173384
https://wealthtender.com/financial-advisors/justin-peek-cfp-ccfc-cltc-aams/,"Justin Peek, CFP®, CCFC®, CLTC®, AAMS®",advisor,41,0.5685040427173971,0.6402898103712503,0.5513784290780153,0.38890477132937323,0.5620979861316138,0.5736091961753121,0.5454650526106058,0.5466693369462123,0.615698007029064,0.5302014719011575,0.3739679887967497,0.5405093197026212,0.5515784152396704,0.5245152122624397,0.29311323667441996,0.36406786335248176,0.31100127761554525,0.24197520838878078,0.36534740376305813,0.3526309750828213,0.30642669364527947
https://wealthtender.com/financial-advisors/justin-pritchard-cfp/,"Justin Pritchard, CFP®",advisor,9,0.476531346352787,0.5679949249008172,0.5082329867851157,0.37403780118460933,0.4847557022372823,0.5051226707316642,0.5409042707787032,0.4271443902711012,0.5091288279999642,0.45556052275997233,0.335273114241394,0.4345163869016323,0.4527725549497313,0.4848458064829092,0.2355703734346423,0.3336058216221841,0.28207184990226886,0.23582163886312757,0.3392359984106341,0.3119508334439381,0.32124116408817044
https://wealthtender.com/financial-advisors/justin-warren-cfp/,"Justin Warren, CFP®",advisor,2,0.22104709834300243,0.305979362053162,0.3110682944742118,0.28029502976166115,0.2850801213458834,0.3095574688073162,0.2714168655299509,0.17195398303077314,0.238023346267199,0.2419820600695222,0.218043336250708,0.22176569027951912,0.24080677890530333,0.21113695424846649,0.16716478153524728,0.2535056750345806,0.2615746622735828,0.22320383276513925,0.2358916850106003,0.2629878591721053,0.22512262173465505
https://wealthtender.com/financial-advisors/kaleb-paddock-cfp/,"Kaleb Paddock, CFP®",advisor,23,0.5679796176821996,0.6835549227685244,0.6037626654185492,0.37901364600301995,0.5550125016888346,0.5797912978635364,0.6137308878467729,0.3813067790866568,0.45889697062251317,0.40532932893436263,0.25444658239156265,0.3726014504453753,0.3892364187873331,0.41202138384090425,0.35601618820765235,0.4070433327159517,0.3755000095614108,0.23879421267527962,0.33963731286281856,0.4092151606463443,0.3852395031396278
https://wealthtender.com/financial-advisors/kerry-obrien-cfp-ea/,"Kerry O’Brien, CFP®, EA",advisor,3,0.48061020960593587,0.5523336327261915,0.4886412479204035,0.27473344227660407,0.44433205674460574,0.3865388784537804,0.43028792682987954,0.2950240448847927,0.3390516872007375,0.2999539222798269,0.1686459625400462,0.2727545899623222,0.23727807097599582,0.26413355792530563,0.34166234478190843,0.37609427780378435,0.29269661577778017,0.17600934601220988,0.23194803697053035,0.2699090363258983,0.2990179916996529
https://wealthtender.com/financial-advisors/kevin-burkle-cfp-cslp/,"Kevin Burkle, CFP®, CSLP®",advisor,38,0.4574775831991863,0.6043086024149112,0.552421845588688,0.3588171310950895,0.5119322351467076,0.4912320739116735,0.5694653776608253,0.37216533360359455,0.4916147170414343,0.4494040101718216,0.2919034772432674,0.4164650642408723,0.39962515187224706,0.46326919621012536,0.3048232112074465,0.38348449243395455,0.3353887326775472,0.21394873429429637,0.32158490977908566,0.32254670793058166,0.37213191287481623
https://wealthtender.com/financial-advisors/kevin-c-feig-cfp-cpa-pfs-cfe/,"Kevin C. Feig, CFP®, CPA, PFS, CFE",advisor,8,0.5142872482937747,0.5842192168657697,0.5206958619106827,0.35190151714414014,0.4887176043240735,0.4814456490055083,0.5394985976921773,0.4911646650023791,0.5579524611816075,0.4972851445023493,0.33607986850803473,0.466744643591632,0.45979963861667805,0.5152425009250212,0.353816589131055,0.3764943964109696,0.3406571722285217,0.23681227360493035,0.312864771695856,0.33889989316894226,0.3579125498635681
https://wealthtender.com/financial-advisors/kevin-newbert-cfp/,"Kevin Newbert, CFP®",advisor,3,0.4723238920036231,0.6547504128867825,0.617100175505998,0.31430611565790056,0.4549958720902665,0.49047370886280567,0.6159700119658917,0.41426075334065393,0.5742614419566611,0.5412395771624511,0.27566822355668114,0.3990628802185507,0.4301793992791106,0.5402483454939963,0.36258827235839663,0.4700388321979626,0.4394039565534994,0.22927282694379603,0.33861353866505195,0.3919295086528609,0.4471290096580172
https://wealthtender.com/financial-advisors/kris-barney-cfa/,"Kris Barney, CFA",advisor,9,0.5790919609014351,0.6925165592363893,0.5635679788260629,0.31790872223278754,0.5538293290728223,0.5476341726974441,0.6418094456267784,0.4972811953587598,0.5946818219454123,0.4839503517546583,0.2729964152166916,0.47558752215686356,0.4702675816710952,0.551138316299559,0.3624049887363782,0.4337628918857587,0.34437292329296615,0.20017981990612863,0.35376800791764057,0.3397568094640311,0.39265577349346825
https://wealthtender.com/financial-advisors/kushal-shah-crpc/,"Kushal Shah, CRPC",advisor,10,0.5396069673277456,0.6242962782565429,0.5577885917334321,0.3037053246133341,0.4615830667948804,0.5557116842271536,0.530846745339938,0.30062482099895743,0.3478067709737269,0.31075413346780445,0.16919974050827866,0.2571562919555092,0.3095970506554784,0.29574434256474125,0.3984537079292238,0.4417484820368041,0.3954532659906096,0.2087728286413779,0.3329899399517073,0.4153972524063524,0.3835812839465097
https://wealthtender.com/financial-advisors/kyle-moore-cfp/,"Kyle Moore, CFP®",advisor,25,0.5049662799314498,0.5137448502159189,0.44567934359745254,0.31184124728375007,0.44078181581419346,0.5229271493605007,0.48421791396993774,0.4164549927579831,0.42369484137666785,0.36755996427218135,0.257181220886322,0.3635208828947347,0.43126765262314853,0.39934343315559856,0.32996020530624415,0.31419012481220043,0.28146718349158245,0.21199907860547712,0.3079436887345112,0.35392894208456294,0.3120584061923352
https://wealthtender.com/financial-advisors/kyle-simmons/,"Kyle Simmons, CFP®, CRPC®",advisor,7,0.4936912280520604,0.6975849741416658,0.6274565618551818,0.36754038292913216,0.5080639373344635,0.5506055003526604,0.5609721989032067,0.40312654780367674,0.5696172150658351,0.5123534373407382,0.3001173148918865,0.4148626701943096,0.4496002398800527,0.45806523006286837,0.2820669341150475,0.39621014525930576,0.38173208285105437,0.21205164969833531,0.3263803944326027,0.3420945207076522,0.333996005638532
https://wealthtender.com/financial-advisors/larry-pershing-cfp-rma/,"Larry Pershing, CFP®, RMA®",advisor,10,0.49507032531011463,0.6183805827357518,0.5313199084460946,0.3758728732444311,0.4527743405899712,0.5329676457836741,0.531946867802808,0.3243989106948127,0.4051989731128468,0.3481517487892526,0.24629379788385297,0.2966841181319902,0.34923144225923936,0.34856256907471467,0.361470182544623,0.4335259919121836,0.3526682076041977,0.2208185083362076,0.29681738186536427,0.3231420980007573,0.3790882805077993
https://wealthtender.com/financial-advisors/larry-sprung-cfp,Larry Sprung,advisor,1,0.34357682658847355,0.3320254383860174,0.3424449743306386,0.350271678899605,0.35198166245550594,0.36988938903104024,0.3106657410465349,0.2738297117476438,0.26462328961151865,0.27292762885520483,0.2791654891827901,0.28052834100505997,0.29480074597173084,0.24759967418447187,0.3435768223570284,0.33202543427758446,0.34244497011164676,0.350271674597253,0.35198165812096055,0.36988938449900766,0.31066573712307555
https://wealthtender.com/financial-advisors/larry-sprung-cfp/,"Larry Sprung, CFP®, CEPA®",advisor,34,0.48040571770507323,0.5284862890633367,0.5105289272084705,0.44947397066632866,0.505518031253509,0.5007066284283715,0.465467986251181,0.4497696174642716,0.49478402797248583,0.4779718305433779,0.42081042834475624,0.47328048596991407,0.46877591258876,0.43578448466049075,0.35819846973547304,0.39767347505709333,0.3754591912329758,0.3166983443905314,0.3633542452318413,0.35349413185101974,0.3494971640131788
https://wealthtender.com/financial-advisors/laura-hyman-phd/,"Laura Hyman, Ph.D",advisor,1,0.33096814463345314,0.3608177015212597,0.3219359537756,0.2929682165730535,0.463602969680291,0.32019388710596586,0.36632557568687546,0.28974111470497965,0.3158724630729657,0.2818340182371884,0.2564746457306834,0.40585428958569736,0.28030895201273603,0.32069424917618056,0.32460186274777,0.3369385610428015,0.31975444854607027,0.25896964059097766,0.44731856094618927,0.30075340451214955,0.33305635601227435
https://wealthtender.com/financial-advisors/laura-simpson-cfp/,PAX Financial Group,advisor,1,0.4653968732900095,0.4748951828564789,0.4779628000913304,0.29442147343253794,0.40835275946971883,0.3854459516081146,0.4182506402172299,0.3974185434223077,0.4055294796350827,0.4081490244649257,0.2514167151503307,0.3487065947041875,0.3291456764056659,0.3571587386170504,0.40979653603943805,0.4118598337544706,0.3859332203898374,0.2725106916575058,0.36673060868981344,0.3535220931377244,0.3610372026406026
https://wealthtender.com/financial-advisors/lei-deng-cfa-cfp/,"Lei Deng, CFA, CFP®",advisor,4,0.47903270800598,0.553550147681659,0.48501996512719425,0.3121581007881972,0.5420038300726142,0.477697745844999,0.5056337445988293,0.46063435469948666,0.5322897806551522,0.46639165743551636,0.3001689507159783,0.5211869259395795,0.45935066483177067,0.4862137172784853,0.3216057129692766,0.35876064017182213,0.3467899792369179,0.2594581863039152,0.3590899199771692,0.3296285633778613,0.33617171503627613
https://wealthtender.com/financial-advisors/leo-marte-cfp-mba/,"Leo Marte, CFP®, MBA",advisor,9,0.6341833273145875,0.6883443897414555,0.6086170013362842,0.3455050606189132,0.5285821924656887,0.5282517980630164,0.5828887210603739,0.37832068384805606,0.4106303477776256,0.3630691477211914,0.2061102920504118,0.31532455665509385,0.3151274605931581,0.34772099811052115,0.3931798585354774,0.47060711851482356,0.3959483543888036,0.25115228102863835,0.39650130956304447,0.3622904109629491,0.3758695336474737
https://wealthtender.com/financial-advisors/liz-frazier-peck-mba-cfp/,"Liz Frazier Peck, MBA, CFP®",advisor,1,0.4648640279442658,0.48389686896634776,0.40008827724996915,0.3753705698518587,0.5357252209232257,0.4914859222415323,0.42965547705399526,0.38745504796790503,0.40331854758904645,0.33346573048209416,0.31286400625760846,0.44651646221873537,0.40964387461805124,0.3581094114935214,0.39269387256539856,0.448347002794999,0.3650853601619273,0.3647827599178912,0.5051939775386121,0.4043133692703315,0.3984803050995195
https://wealthtender.com/financial-advisors/lori-bodenhamer/,Eric Simonson,advisor,1,0.14594477010427598,0.17349223544821427,0.1012396014128426,0.1714496285719541,0.2718587237684365,0.1555807504425722,0.17979897457640714,0.06943213014117988,0.08253763023860279,0.048163981317832096,0.08156587533187709,0.12933474954408156,0.07401637554037013,0.08553801409341497,0.14594477206499928,0.17349223767990468,0.1012396027286913,0.17144963061878302,0.2718587272375238,0.15558075247332967,0.17979897680212847
https://wealthtender.com/financial-advisors/lytle-rather-cfp-aif/,"Lytle Rather, CFP®, AIF®",advisor,25,0.555585356825813,0.5846960273077081,0.4837694944066898,0.41764631638588345,0.5910793120834972,0.552990106411487,0.5387472913488098,0.3562164126277343,0.37488086891847033,0.31017130260744347,0.2677760865047599,0.3789735448244802,0.35455245445982264,0.3454206002361386,0.31986956594936944,0.32702958827534634,0.2731041230302218,0.2673447991241494,0.38395379665643653,0.3592955422379155,0.2995641754321121
https://wealthtender.com/financial-advisors/madeline-napier-cfp-mba-fsri-qka/,"Madeline Napier, CFP®, MBA, FSRI",advisor,13,0.4667969239999794,0.5293394854861702,0.4341675871100347,0.32315347912991377,0.4936918864093951,0.42543034747853514,0.48108780051972233,0.2305148115938164,0.26139973400085537,0.21440171174481848,0.1595804503577271,0.2437961484533313,0.21008706645914124,0.23757196758411445,0.3631996810748873,0.41271602110724065,0.33588911234047114,0.24803897194839,0.38773901289690466,0.3285974505248056,0.38090672436459305
https://wealthtender.com/financial-advisors/malissa-marshall-cfp-ms-tax-ea/,"Malissa Marshall, CFP®, MS Tax, EA",advisor,12,0.5072956442111879,0.5506825045039209,0.49512478874952454,0.3048260995378257,0.4810564026295459,0.4749623231786602,0.5265198094743965,0.48750863108528375,0.5292031914659231,0.4758124985579117,0.2929363896585858,0.46229284835552564,0.45643646783121433,0.5059829598089155,0.32715296334708815,0.3474339337409932,0.31047233726655843,0.2397351150995282,0.33446202279827475,0.31828255941046946,0.3414031830396553
https://wealthtender.com/financial-advisors/marcel-miu-cfa-cfp/,"Marcel Miu, CFA, CFP®",advisor,8,0.46792318368298713,0.6045925864523307,0.5703380687276203,0.43154129192094287,0.5520330470207263,0.5109041242607012,0.5656560983992757,0.44439185251916324,0.5741883045806279,0.541656408065007,0.409839565216297,0.5242719253328131,0.48521132988724086,0.5372098887639616,0.32802134748950057,0.4116721854565512,0.40082899545948003,0.26083616489333855,0.3729310627207415,0.34126316489487785,0.3755140122517964
https://wealthtender.com/financial-advisors/marcos-lopez-cfp-ricp-ea/,"Marcos Lopez, CFP®, RICP®, EA",advisor,5,0.4806093296302722,0.5122247105443807,0.4103532721303734,0.3829413748784703,0.5556994801869436,0.5082182070629802,0.47628935933083577,0.37854651415959856,0.40344801211443565,0.3232101234040501,0.30161945191377465,0.43769042375206213,0.400292334866099,0.37514393830993165,0.33839798907808194,0.3469142215695298,0.2869575959067065,0.24019010469744512,0.36334777286757974,0.34305342971054203,0.3446745979182677
https://wealthtender.com/financial-advisors/marcus-f-johnson-cfp/,"Marcus F. Johnson, CFP®",advisor,1,0.5091204733297106,0.5573985777373599,0.4901666359814662,0.39200362997032634,0.42841896491023157,0.3662878413463205,0.4685826088404311,0.4594873853187319,0.5030589585012735,0.44238131785312185,0.3537880175835495,0.38665329783364705,0.33057920730142787,0.4229014722856861,0.3616756460306918,0.4090602895967491,0.3437780920514777,0.34417301261957967,0.3981499977598253,0.3788349303219101,0.3171265288111453
https://wealthtender.com/financial-advisors/mark-dorfman-mba-crpc/,"Mark Dorfman MBA, CRPC®",advisor,12,0.5872092825441448,0.6669158514249826,0.5546138408469661,0.3625739432033427,0.5241872261686628,0.5467212813630575,0.5935301121782108,0.5240663490699051,0.5952020272548456,0.4949759129437067,0.3235861699242985,0.4678210886876434,0.4879320446730477,0.5297074964561763,0.41647333350954574,0.43845221029951476,0.36490851547365577,0.24801365008868329,0.3631365151769623,0.35513579478978213,0.41905990520850606
https://wealthtender.com/financial-advisors/mark-primeau/,Mark Primeau,advisor,4,0.41125111257652913,0.4163841862083851,0.32703609106388937,0.30915253766017675,0.40155915636606904,0.4230689440208128,0.3426248246883128,0.3910556580061377,0.39593665996652977,0.3109762134903538,0.29397087410060263,0.38183964813444937,0.40229314700086916,0.32579942563144426,0.2900402606417685,0.29141289717517693,0.22754489212053883,0.21912019582790251,0.28617705685357797,0.2999338906945951,0.23954085338128414
https://wealthtender.com/financial-advisors/markham-hawkins-crpc/,"Markham Hawkins, CRPC®",advisor,11,0.5598436461991468,0.5997910603624041,0.5018836047761431,0.43130861683978877,0.5855268108486936,0.532599890609668,0.5506145635375475,0.4663287105345669,0.49960340475037884,0.4180501749776862,0.3592638632211971,0.48772182115533075,0.4436356863296595,0.4586412316353785,0.37314753308793974,0.41358188186605643,0.3695714380397159,0.2694348587228699,0.3754979238760667,0.356347792375048,0.37458752195192635
https://wealthtender.com/financial-advisors/matt-bennett-cfp/,"Matt Bennett, CFP®",advisor,39,0.600793342264525,0.6191729002744941,0.5315920890719835,0.4115462701973537,0.5676542203010821,0.5515856233647133,0.5402405433676257,0.5117641398802709,0.5274201034781667,0.45281754821993125,0.3505608470870009,0.48353577405969606,0.46984831930324356,0.4601844220891057,0.3862022366405563,0.40862471282601487,0.34189869292777586,0.2614664173505624,0.35049889858342764,0.35034981544224697,0.35579584558161936
https://wealthtender.com/financial-advisors/matt-davis-cfp/,"Matt Davis, CFP®",advisor,28,0.558809398661301,0.6437620184650545,0.5777726411543823,0.4329845772956131,0.5315138034975805,0.6024831706620716,0.5659315918345409,0.5103244592054514,0.5879061889746641,0.5276423613260081,0.3954167928850675,0.48539715863751687,0.5502088887285564,0.5168286973020144,0.3715902810911937,0.43606422997129807,0.3780442376846059,0.27829428679313684,0.33375414489857536,0.3810451991475022,0.37264492202844224
https://wealthtender.com/financial-advisors/matt-mulcock-cfp/,"Matt Mulcock, CFP®",advisor,5,0.4656996088191462,0.4837603918152508,0.40870505160313825,0.42839222518708203,0.44636866027835026,0.44243893893089237,0.415420114713271,0.37861863939742174,0.39330224435422284,0.3322814699054808,0.34828734737407907,0.3629023766044678,0.35970747216046656,0.33774088625473,0.43755456959117717,0.4563836977959438,0.3852642757051565,0.3852122416514506,0.4170835724911389,0.41313580588204163,0.39299278506593516
https://wealthtender.com/financial-advisors/matt-smith-cfa-cfp/,"Matt Smith, CFA®, CFP®",advisor,7,0.47658547252887956,0.6067214626734001,0.5830677129069952,0.43759747534667914,0.4853472448460737,0.4923241953085463,0.5024062845393372,0.39476293216215785,0.5025565348011125,0.48296377725256956,0.36246858629150663,0.40202044026982087,0.40779955352625524,0.4161507000392796,0.29700838062608015,0.37279675813289637,0.338953873517959,0.25642368295518053,0.28729301303443605,0.2944732168414821,0.29866278168356725
https://wealthtender.com/financial-advisors/matthew-a-elliott-cfp/,"Matthew A. Elliott, CFP®",advisor,6,0.5023852012533598,0.5712314022462301,0.4971644197070573,0.31542217614115114,0.4691719338048034,0.5124599345567382,0.4667813665450073,0.47093259263147136,0.5354685698965516,0.46603866625181445,0.29567467913669815,0.43979869356300866,0.4803765815523108,0.43755779149283014,0.38474560176192085,0.4391006243223697,0.3801996790607938,0.24221382788425325,0.3586760859056538,0.3916487963401608,0.35913946252342505
https://wealthtender.com/financial-advisors/matthew-benson-cfp/,"Matthew Benson, CFP®",advisor,9,0.38430216947083234,0.4053903723362815,0.38059372601185926,0.3765749148503409,0.40775219778819305,0.4202147825996148,0.3924107955778502,0.36091480005913695,0.38071964407360187,0.35743204030431014,0.3536578008072181,0.38293773657598074,0.3946418893566631,0.3685299617799219,0.24244546540128362,0.25485956651595215,0.23704201698898225,0.24381709892973996,0.26675046034619043,0.27549394512412734,0.24410257055751466
https://wealthtender.com/financial-advisors/matthew-callero/,"Matthew D. Callero, CRPC®",advisor,20,0.41414315875864144,0.5068468632354821,0.4325115932047073,0.3678720204511445,0.44994186384100815,0.45232979404722856,0.40298083302308846,0.3540911896619842,0.4333525858967287,0.36979614739865463,0.31452950171952015,0.3846989778214439,0.38674065116475054,0.34454743380001734,0.320114978139381,0.39206592495720466,0.3346954294473947,0.2847097617625356,0.3480430912632177,0.34981087805977246,0.3115750507484414
https://wealthtender.com/financial-advisors/maureen-demers-cfp/,"Maureen Demers, CFP®",advisor,5,0.5395641645235647,0.6273056756735021,0.5467748263088567,0.3013777157094981,0.4898407060364896,0.46600168234809874,0.5833299208231739,0.3785764279663439,0.4401388334401086,0.3836356716326835,0.21145677675370403,0.343688771339275,0.3269625077592523,0.4092839596679381,0.3947439945038631,0.4542330196414234,0.4017098741332503,0.2315110612446263,0.3871847564137322,0.3436164664016937,0.4280556038496915
https://wealthtender.com/financial-advisors/melody-brady-mba-cfp-chfc/,"Melody Brady, MBA, CFP®, ChFC®",advisor,7,0.5875944883393015,0.5941611982408407,0.4836708885235875,0.4205749595719202,0.573124320464683,0.4364891398229276,0.5573009238805395,0.4284765372694107,0.43326501159260683,0.35269498200761906,0.30668514752224846,0.41792482593163716,0.3182898391637656,0.40638633414731684,0.32507880682567397,0.37050428218096604,0.27621199426558446,0.2638822901341758,0.37110898340691983,0.23078225957514822,0.3264936780305507
https://wealthtender.com/financial-advisors/melody-brady-mba-cfp/,"Melody Brady, MBA, CFP®",advisor,1,0.5140366352835017,0.4998310157555211,0.5169295167859286,0.33933415839424796,0.5014332477668474,0.47481934176903534,0.5253042957113653,0.4036186433018685,0.3924644716191758,0.4058901174091545,0.2664432517762683,0.3937225350844567,0.372825447417007,0.41246594620387345,0.3782481056124541,0.4093300084246063,0.4060987837578068,0.2920467130745948,0.4058491501985382,0.3376564645362504,0.40199878555789226
https://wealthtender.com/financial-advisors/melody-townsend-cfp/,"Melody Townsend, CFP®",advisor,2,0.39061700690752565,0.38537939725139936,0.35160149942626806,0.2428651359079046,0.42634212439037467,0.38421925622257924,0.413114234625414,0.3084310757970674,0.30429546072584157,0.277624442362232,0.1917662411442561,0.33663961823981975,0.3033794137046729,0.32619488030321053,0.21745737376677066,0.2749664266513332,0.21863624939420395,0.18046643500223347,0.2814964097523752,0.18555448949876438,0.2645173820865797
https://wealthtender.com/financial-advisors/meredith-schneider-cfp/,"Meredith Schneider, CFP®",advisor,4,0.406186653219758,0.5018674043543891,0.43314069132826216,0.32896014115464356,0.5320292237420087,0.482133750342787,0.5050111867583369,0.34772045683870306,0.4296289937920436,0.3707947513051589,0.2816098698893752,0.45544934395228176,0.41273578685474244,0.4323202625598302,0.2998965415115448,0.38187896374848496,0.34845255236575706,0.25181633771347406,0.36522329503891593,0.35232398817478205,0.3349053637273116
https://wealthtender.com/financial-advisors/michael-acosta-cfp-chfc/,"Michael R. Acosta, CFP®, ChFC®, RICP®, CSLP®, CEPA®",advisor,26,0.4967854400174803,0.58423284749855,0.5378315130253838,0.36040561641321683,0.48658672088384486,0.4411556286150436,0.5378817802753537,0.43979719940503725,0.5172131657506944,0.4761347135536315,0.3190620496905095,0.4307684160487186,0.390548905700292,0.4761792144467286,0.3355770334437224,0.4156694143012499,0.3738258035268478,0.24059641386635375,0.3234099768466689,0.2652652962413605,0.40199477344502693
https://wealthtender.com/financial-advisors/michael-anderson-cfp/,"Michael Anderson, CFP®",advisor,6,0.4795123775497457,0.5782723565184725,0.4642869095001671,0.3780911965080483,0.46889648231463515,0.4356524908576811,0.5421049657984408,0.42476957723208114,0.5122547736066899,0.41128230155501116,0.33492699086632816,0.41536562950918754,0.38591688770853916,0.48021637796769173,0.3392232344269557,0.45078333404491694,0.3548356389488039,0.25723412707649096,0.3177413357117187,0.2871640456238354,0.42672643325646575
https://wealthtender.com/financial-advisors/michael-black/,Michael Black,advisor,35,0.48302840075426995,0.5300332273402588,0.437519136282248,0.3615349413431035,0.45043059882730274,0.4279875304748038,0.48552851740759023,0.44331783327963503,0.4864583149640368,0.40154996106263374,0.33181255305242546,0.41339995081687386,0.39280196440729526,0.4456124111884397,0.32713589261840614,0.3677574551726242,0.2942977619194843,0.24549017458599626,0.3090700790814014,0.29777981135179654,0.33053653225231133
https://wealthtender.com/financial-advisors/michael-mezheritskiy/,Michael Mezheritskiy,advisor,26,0.5246088605755496,0.6326596971779551,0.5727203462163648,0.3954093863394721,0.51420193165753,0.5520387881623127,0.5584486322942966,0.1830150230776594,0.22070963298694443,0.19979919375520813,0.13794250041192396,0.17938446233187044,0.19258422635951505,0.19482036428988128,0.3317975817672291,0.42606506329005206,0.3750140572034335,0.2442159640202059,0.3263094962807947,0.3248666605034314,0.3826565821397278
https://wealthtender.com/financial-advisors/michael-raimondi/,"Michael Raimondi, MFA, CFP®",advisor,14,0.522385861179772,0.6952614439508416,0.6234903006057224,0.36470866555487286,0.4942971112373994,0.5033900924087366,0.5466275144999783,0.42444121550469627,0.5649035211205524,0.5065890957439418,0.29632767809528193,0.4016189608199639,0.40900705507697094,0.44413768427556716,0.3742377628160888,0.520711297259782,0.4531479770628132,0.22917918561351877,0.33567963936511114,0.3272237002383401,0.43256752773979873
https://wealthtender.com/financial-advisors/michal-skowronski-cfp/,"Michal Skowronski, CFP®",advisor,7,0.572363868341626,0.604554362360474,0.5745890586447522,0.3766765592845512,0.5189171058685058,0.5422256154334041,0.5819322106411374,0.22207015123066223,0.23455966755122892,0.22293349773882667,0.14614587871825374,0.20133346381609135,0.21037687925570578,0.22578255052594937,0.3999013978518485,0.4326785979051131,0.409002986812442,0.2908671254824372,0.385088658429618,0.39559445046300357,0.42411289903431143
https://wealthtender.com/financial-advisors/michelle-francis/,Michelle Francis,advisor,9,0.5252537453140627,0.6064495849961093,0.5334793675578995,0.3586088042232059,0.550475752220741,0.49258517789733697,0.5185509049901131,0.3621763964529081,0.41816308266954416,0.3678481812796386,0.24727028718698393,0.3795676395506781,0.3396505522684099,0.3575546101711637,0.3866506684175939,0.4715485440482318,0.42063090411123205,0.2936679322439051,0.44051829041394736,0.3524563101800791,0.41595917982570324
https://wealthtender.com/financial-advisors/michelle-gessner-cfp/,"Michelle Gessner, CFP®",advisor,14,0.5333216899612209,0.6202777546156146,0.545748156146994,0.4020669369624547,0.5487516855281561,0.5560382604440927,0.5214151350780164,0.5058721935991158,0.5883527227084114,0.5176590828751549,0.3813729822045378,0.5205080238149058,0.5274195665215545,0.49457845634756664,0.3227872535032829,0.4147052850882971,0.38086599557114015,0.31180561262206036,0.38733560135601885,0.3867211546008738,0.3499958381871428
https://wealthtender.com/financial-advisors/mike-hunsberger-chfc/,"Mike Hunsberger, ChFC®, CFP®, CCFC",advisor,7,0.44798450584618965,0.5420532709259714,0.4893285373061744,0.4112643980491143,0.4873713650899216,0.47684106965904743,0.4943301074906669,0.2897382757235039,0.3505781517414776,0.3164779245960635,0.2659891938274466,0.3152121046941902,0.30840153512942875,0.3197127380823643,0.27244426631378293,0.34175364032839006,0.28680516856513466,0.2584253990439726,0.30213026950552313,0.25822505320281675,0.31058403646080096
https://wealthtender.com/financial-advisors/mike-troxell/,Mike Troxell,advisor,13,0.4790245340568073,0.6156277806038684,0.6325210948786952,0.3919375506123956,0.5091482264958409,0.5440200886728754,0.5339965150318774,0.32359317174541874,0.4158721150524074,0.4272839755289221,0.264763714824166,0.34394248683890116,0.3674993105175757,0.36072813335208775,0.27812252833624623,0.37832584589234414,0.37381212141802905,0.23973415108460094,0.30328398017012953,0.3159588758754757,0.31875530767189597
https://wealthtender.com/financial-advisors/nate-byers-cpa-pfs/,"Nate Byers, CPA/PFS",advisor,5,0.5899656431707807,0.612467585244673,0.5151003140004793,0.32084238032477513,0.5094390804841725,0.5623330533556817,0.5542193798901754,0.49141920160626834,0.5101624734163208,0.4290591968928911,0.26724964106937715,0.4243436022020919,0.4684022931092439,0.4616439081377336,0.3404225648961942,0.36809739557482835,0.25840113329431297,0.16818383373969348,0.2918906453408156,0.3286002068040235,0.34107156117666265
https://wealthtender.com/financial-advisors/nestor-vargas-cfp-cepa/,"Nestor Vargas, CFP®, CEPA",advisor,17,0.4936170586388564,0.6356847037847703,0.5133866655781002,0.33701401700615075,0.528257940336585,0.4840532501897904,0.5755572371179913,0.39194666660167726,0.5047526139901966,0.40764432413650564,0.2675991808869864,0.4194525598279103,0.38435271745420463,0.45700961216559916,0.3339071669815949,0.40345181757343657,0.3496858478955116,0.25812044169260245,0.37360533749905045,0.3359126826694448,0.36876638025276304
https://wealthtender.com/financial-advisors/nicholas-j-efthemis-cfp-crps/,"Nicholas J. Efthemis, CFP®, CRPS",advisor,4,0.4495320023193799,0.5132816776558612,0.394169233272572,0.31769210595251984,0.39464773802557856,0.4073620923275798,0.42395877868625553,0.31034986691130806,0.35436164617115185,0.27212827664216604,0.21932966349988198,0.2724586288432237,0.28123642029106327,0.2926945130987128,0.37013943265868726,0.4226301963708117,0.324554367003584,0.2615840250991544,0.32494837818631345,0.3354171944231967,0.34908270147467735
https://wealthtender.com/financial-advisors/nicholas-st-george-cfp-crpc-cpfa-bfa/,"Nicholas St.George, CFP®, CRPC®, CPFA, BFA",advisor,7,0.37839677867765925,0.4727720220473376,0.3451281900942749,0.37056247792952285,0.37824338200828395,0.344738809486733,0.3976372889723502,0.3351976867129268,0.41879872415049424,0.30572715587932814,0.3282577769785851,0.33506180234069805,0.30538222831584544,0.35224163345183596,0.2436867418408929,0.30634134786624523,0.21881762762825932,0.24571992711349205,0.2513874253321004,0.22942115109003297,0.24985486828719056
https://wealthtender.com/financial-advisors/nick-bailey-cfp/,"Nick Bailey, CFP®",advisor,1,0.4124647412601449,0.3676228081544106,0.32307594260776973,0.3423719354849247,0.42681754281020357,0.4176586768048387,0.2625099140915126,0.3256820405296455,0.2902748631050948,0.25510067093995303,0.27033678134075406,0.33701500848675864,0.32978317053510375,0.2072777523222611,0.27455033271067003,0.26963836729940965,0.1503758634709189,0.21903756926252826,0.2548571478595014,0.2308830068499031,0.18563766985959354
https://wealthtender.com/financial-advisors/nick-davis-cfp-ricp/,"Nick Davis, CFP®, ChFC®, RICP®",advisor,26,0.4554366070759472,0.4866373743366745,0.45268994188073514,0.4278115615416819,0.5184402070705652,0.5093941786096701,0.4311137799153384,0.268165921532799,0.2865372653707963,0.26654865583265,0.25190000070433444,0.30526311176727444,0.29993671393113513,0.2538443820287949,0.3026241043008001,0.3279369879855078,0.3003221405379837,0.31002078231850166,0.3520381796240513,0.34299081356218136,0.28267074361595246
https://wealthtender.com/financial-advisors/nick-faulkner-cfp/,"Nick Faulkner, CFP®",advisor,6,0.484050807446608,0.5355901491293897,0.5434914005214788,0.3728484261170758,0.4758441823767226,0.5229343474777641,0.474644334520642,0.45487575134819597,0.5033086770065898,0.5107336985296945,0.3503758393951333,0.44716376184777845,0.4914156748740979,0.446036232078915,0.31255033637015867,0.3528667230811187,0.3277021985068288,0.26195301250774744,0.3104482046939304,0.32975313857002736,0.3008881491642347
https://wealthtender.com/financial-advisors/nick-morrison-mba-cfp/,"Nick Morrison, MBA, CFP®",advisor,7,0.5857341859511659,0.6933739850974352,0.5878923489813971,0.3327827976766233,0.5309184609273023,0.5380091885398453,0.5684345743176571,0.542279079249929,0.6419331758891721,0.5442771300534766,0.3080939331230021,0.49153008489835764,0.498094757634161,0.5262629106652555,0.4149330198941114,0.5066303618067288,0.41140806008084935,0.285056664073188,0.40055478244605697,0.386788303448491,0.4067800459554715
https://wealthtender.com/financial-advisors/nick-okelly-cfp-ricp/,"Nick O’Kelly, CFP®, RICP®",advisor,14,0.5241741173328273,0.6027384566864666,0.5386753044569584,0.396124514238868,0.550963894188126,0.5593951876791721,0.5531397465701112,0.4027201515132758,0.4630807103463416,0.4138613354875395,0.3043403310413875,0.42330259280028437,0.4297803101844318,0.4249742884677514,0.3488581587747513,0.42167191665549386,0.35214006524459,0.2918882471750595,0.3752320821759734,0.3558362894494089,0.3723738645036121
https://wealthtender.com/financial-advisors/nina-o-neal/,Nina O’Neal,advisor,1,0.36734667135757226,0.563666739549811,0.4610698317488581,0.3386993187783362,0.41969598885164994,0.48030692061705943,0.46758436417141985,0.3115523110063789,0.4780543531133154,0.391040351844793,0.2872560546464343,0.3559505650714348,0.40735562012196025,0.39656542608563056,0.34289608929714765,0.5475576371920334,0.4414834234455045,0.34073912402236384,0.43501665334000356,0.46128131826076685,0.45097942551086867
https://wealthtender.com/financial-advisors/nycole-freer-cfp-bfa/,"Nycole Freer, CFP®, BFA™",advisor,11,0.5227547831761652,0.5217901314702332,0.47655565373200676,0.3621864240319693,0.5391969147093713,0.48950038340314656,0.48856702790962964,0.40564442387695515,0.40489587867356697,0.3697950737607708,0.2810474586570967,0.4184031000053163,0.37983985494438477,0.37911559480631396,0.29733827647461386,0.32140512283867384,0.2528324193732741,0.22675855339854567,0.3418206953234303,0.29381364814208916,0.2887811812505241
https://wealthtender.com/financial-advisors/omar-a-morillo-cfp-chfc-aif/,"Omar A. Morillo, CFP®, ChFC®, AIF®",advisor,6,0.63280188960803,0.7129063470068743,0.6110310219020131,0.39637483541146223,0.5427794168207549,0.539787269920291,0.6478558008580773,0.6088760707286272,0.685951831831472,0.5879283450614323,0.38138816631936834,0.5222572878075737,0.5193782719928044,0.6233608035992962,0.3239449693951675,0.37101112705695394,0.30251880658443653,0.247708394733732,0.32034403257365746,0.2747854078149493,0.3321979382593574
https://wealthtender.com/financial-advisors/patrick-moore-cfp/,"Patrick G. Moore, CFP®, EA",advisor,14,0.5091913806459127,0.5747717906252003,0.5732740049486988,0.3592318282022608,0.4807627132277747,0.6003856113154942,0.49198052228418643,0.46674923559103015,0.5268633840056212,0.5254904418346458,0.3292891191533555,0.440690155860624,0.5503422402513725,0.45097293754370127,0.38782519757630224,0.4215189103159382,0.40636616290680744,0.23844709158620825,0.3221014204793193,0.43707337914561684,0.36852121323983716
https://wealthtender.com/financial-advisors/paul-culbreth-cfp/,"Paul Culbreth, CFP®",advisor,2,0.38987472676792606,0.45279010402886277,0.4206498406103784,0.3912503742267211,0.47265391973539567,0.49889610137802914,0.42532229855094394,0.2601159853960592,0.3020917643557833,0.28064847574024754,0.2610337876277364,0.31534447257584275,0.33285268859564965,0.28376583862115934,0.3254990841859799,0.3991408978252675,0.36354256633238796,0.35590987329485957,0.421911647585373,0.45200320515779346,0.38433003920438397
https://wealthtender.com/financial-advisors/paul-doak-cfp/,"Paul Doak, CFP®",advisor,5,0.47603057234086554,0.5507113791774461,0.4522205563926165,0.4630250242233625,0.47273017437294157,0.44206917146814034,0.49898537948693883,0.2495306698064528,0.2886776339604162,0.23704968733834664,0.24271328596280184,0.2478006327806496,0.23172842852252887,0.2615633600058885,0.29110631681612287,0.3772048264358361,0.3075495412355277,0.3478193672675234,0.3370445622706537,0.29693610200854903,0.3166767599872768
https://wealthtender.com/financial-advisors/paul-fenner-cfp-ea-chfc-crps/,"Paul Fenner, CFP®, EA, ChFC®, CRPS®",advisor,17,0.45750996967428453,0.4900209330754402,0.4785678392149784,0.41448855339302176,0.47654218024633654,0.4668015599177899,0.44789867757376306,0.2250875753221569,0.24108244845806542,0.2354477097684936,0.20392172775698011,0.23445111800896182,0.22965888886158994,0.2203589735910086,0.2924590027061223,0.3377951909920676,0.3114868547117035,0.292161018437192,0.3361333977726341,0.31466393023899214,0.29532261433846707
https://wealthtender.com/financial-advisors/peter-coughlin-csa/,"Peter Coughlin, CSA®",advisor,2,0.27857207838866144,0.3688922756257559,0.37243333002219625,0.3472419774372667,0.37140593102826075,0.3052199988324495,0.33875924905495647,0.18129268387685096,0.2400724117667147,0.24237690423056146,0.22598255506596845,0.24170828043272624,0.1986349568172527,0.22046205708956434,0.25479249929803366,0.3383930157974375,0.3361431311732943,0.3031940024862577,0.333399668610107,0.2704786801670797,0.30858086556885367
https://wealthtender.com/financial-advisors/peter-garelick-cfp-aif/,"Peter Garelick, CFP®, AIF®",advisor,13,0.5635061137100472,0.6453681198206446,0.6000281988306868,0.4264613343105341,0.5361880567564111,0.6078841719422183,0.5600540446859468,0.508255025740329,0.5820905618784609,0.5411961649071562,0.384647320008998,0.4836154709913441,0.5482818694254786,0.5051414278786307,0.3699517677397657,0.44230306561543886,0.41128251066914107,0.28345458810645735,0.3495874352639834,0.4091133611536401,0.37037832254279496
https://wealthtender.com/financial-advisors/phil-fiore-cfp/,"Phil Fiore, CFP®, ChSNC®",advisor,9,0.5068264195720403,0.5804780578376999,0.5224509449342686,0.31475754739719175,0.5198331749319867,0.5160107334878287,0.5691280114628519,0.3684331247904852,0.42197355240881756,0.37979123968006606,0.22881030321359005,0.3778882741978436,0.375109583128841,0.4137227334086305,0.3077997600782571,0.37010773006120756,0.33208086514983026,0.18017650244714922,0.3589679835463262,0.35261686504612183,0.3542327557988372
https://wealthtender.com/financial-advisors/philip-snyder-cfa/,"Philip Snyder, CFA",advisor,24,0.601175856472976,0.6649902506600343,0.5508574358149547,0.3574360938012387,0.5319999638334002,0.5770284558208079,0.5712516349454833,0.3601941607195815,0.3984285174532159,0.3300459085858633,0.21415762531276922,0.3187474653424189,0.34572625982533006,0.34226508099652253,0.39226198903140763,0.4268815957896262,0.35927119192477047,0.21703863112093613,0.32634162098239633,0.36992628485518164,0.36764353852404413
https://wealthtender.com/financial-advisors/preston-forman-cfp/,"Preston Forman, CFP®",advisor,7,0.5990576131862622,0.6789123892799586,0.5773705963465838,0.3467238367687941,0.5529367851199041,0.5584783523012622,0.5694232655207261,0.5329813904016378,0.6040281622909974,0.5136864576031092,0.3084801003087566,0.49194770260900844,0.4968780333757189,0.5066157195967625,0.3579411757146442,0.41477009465088155,0.35426281043180397,0.25649419724683875,0.38742589224551366,0.41406371063286385,0.3524479730063649
https://wealthtender.com/financial-advisors/quentara-costa-cfp/,"Quentara Costa, CFP®",advisor,6,0.3581506482247789,0.4375264184899333,0.3742508210338974,0.33270586450172074,0.5234241928648303,0.43003257431260816,0.3968582614904669,0.31062753359074147,0.37947090960176455,0.32459136974424246,0.288559025688215,0.45397088308293015,0.3729714258078535,0.34419902229110205,0.24821477528424601,0.28405245486635705,0.2612476882295075,0.29703800148839576,0.3916208517365253,0.3417199327972812,0.26356899638728537
https://wealthtender.com/financial-advisors/raman-singh-cfp/,"Raman Singh, CFP®",advisor,1,0.03954605048258605,0.1858682032616514,0.2178794907908152,0.14748404851243901,0.21370671554434456,0.26544603983462356,0.10505910820451683,0.028783427214325006,0.13528339327829797,0.1585826748345751,0.10734564700717915,0.15554553784812875,0.1932037883346947,0.07646683189104293,0.062092576225637894,0.20199358921540642,0.23429002722202102,0.15610745477129084,0.21782260953124238,0.3050395520063615,0.13284611637937538
https://wealthtender.com/financial-advisors/ramiro-marmolejo-cfp-chfc/,"Ramiro Marmolejo, CFP®, ChFC®",advisor,18,0.6206712374562015,0.7037582915006326,0.608999521465742,0.348823292048403,0.5165230180434137,0.5736347822720265,0.590549162121188,0.5570379920172878,0.6316066895087799,0.5465628985275871,0.313060787169494,0.46356738872069275,0.5148238680717528,0.5300041303729518,0.3666449215684832,0.4587415237521023,0.41205450442690866,0.22954911979221237,0.34596154584252514,0.40280687988651565,0.38132001985911124
https://wealthtender.com/financial-advisors/reggie-fairchild/,"Reggie Fairchild, CFP®",advisor,5,0.48995451583544797,0.5888371519399006,0.509417652479637,0.34229596452038125,0.5489759257169311,0.5343985982851732,0.5422745076595527,0.4432908044708882,0.532755768850697,0.4609002543722067,0.3096953871741417,0.496690961876837,0.48350199229822044,0.4906277929382154,0.317019763301159,0.39840620587104886,0.3533143272476969,0.23020609809408757,0.378254360152942,0.3641692278938335,0.3693883288158539
https://wealthtender.com/financial-advisors/richard-cooke-cfp/,"Richard Cooke, CFP®",advisor,13,0.45972101088715683,0.587037623896097,0.518924189880932,0.35527846765585896,0.46236559201851685,0.4858111264747726,0.4754194234727951,0.27578424582297845,0.35216082045820896,0.3112999252947804,0.21312970679877127,0.27737071630302557,0.29143557060554565,0.28520164196763925,0.3025046912533977,0.40239877392221385,0.3453752795917564,0.2352384840745107,0.3242390397948849,0.3392876129931298,0.3216514018118735
https://wealthtender.com/financial-advisors/richard-davey-cpa-cfp/,"Richard Davey, CPA, CFP®",advisor,8,0.4890751413736406,0.4756421605019333,0.450374893460119,0.45541690676331953,0.5304235475862278,0.4797733512191831,0.4426819828753077,0.32956209452104274,0.32051031303137784,0.3034840265884919,0.3068815749900294,0.35742461748275806,0.32329410584860996,0.2983001775010635,0.338248637120237,0.3310199962939887,0.30499471870929606,0.30711912757466087,0.3772135116297815,0.3353790114586651,0.3065872760166416
https://wealthtender.com/financial-advisors/richard-j-archer-cdaa-cfa-cfp-mba/,"Richard J. Archer, CDAA, CFA, CFP®, MBA",advisor,17,0.4986584147782271,0.5329086192746224,0.4540549343882534,0.4036135712392059,0.5005983465866772,0.539300899889321,0.46520572759073864,0.4590876346294594,0.4906199318931452,0.41802364031667655,0.37158502540654686,0.46087362415433253,0.4965049563915181,0.42828956810182667,0.32935787081448487,0.3643602283345398,0.30807233824441943,0.27729355206841527,0.34460137606565455,0.3635805099757319,0.3129271571717959
https://wealthtender.com/financial-advisors/rob-lloyd-cfa/,"Rob Lloyd, CFA",advisor,8,0.4293201665809906,0.5642919977408379,0.5231195194764985,0.374320307174694,0.4869634688073975,0.5973114051951012,0.4471560556169237,0.37654350889963406,0.49492314923257946,0.45881203533077386,0.32830482443539843,0.4271006757286438,0.523883455578378,0.39218681840316744,0.3254607788875505,0.4152572773638204,0.3939209431441458,0.2850596829821286,0.39716768220534326,0.4654506927048634,0.338832151515782
https://wealthtender.com/financial-advisors/rob-walsh/,Rob Walsh,advisor,7,0.49881717556148214,0.5976531415520134,0.49720227647211124,0.3622048449663456,0.47517874905152935,0.4981341086828679,0.5026055548844895,0.35857594663733283,0.4296244225182551,0.3574150724772891,0.2603718386686291,0.3415834059268361,0.35808492234102546,0.36129923237912626,0.3230742461659213,0.3796037590019596,0.32150396485929783,0.23769817020984482,0.34433258005799383,0.3326483617000466,0.3376412834649124
https://wealthtender.com/financial-advisors/robert-t-dignan-cfp-aif/,"Robert T. Dignan, CFP®, AIF®",advisor,17,0.48489393986889434,0.5317965943773018,0.45435621712691127,0.3376148732730972,0.5021806337574679,0.435939676096804,0.4267322872476555,0.46309289279003163,0.5078867831028345,0.4339281596369864,0.3224355584960535,0.47960236923718974,0.41633963447801126,0.40754621392433815,0.38841871344712625,0.4207839562152424,0.36073729275035565,0.2664806597368409,0.39834786463146615,0.3529196096542527,0.3365505415280622
https://wealthtender.com/financial-advisors/robert-warren-lutcf/,"Robert Warren, LUTCF®",advisor,2,0.5175968642137475,0.5459023464104016,0.4921829160485683,0.3932977413871173,0.4658862401107298,0.5137799282775326,0.46090108774758526,0.33330715973825,0.3515345110386084,0.31694181545909095,0.25326458133075946,0.30000803750679883,0.33084923898222796,0.29679784229523004,0.4561228051802914,0.4640922326022276,0.41817162143153846,0.34399290487444967,0.426024012477074,0.45734871164031904,0.3909350493799901
https://wealthtender.com/financial-advisors/roger-shake-cfp-rlp-ceft/,"Roger Shake, CFP®, RLP®, CeFT®",advisor,1,0.3909089904862731,0.36759983302228444,0.29679654688694956,0.3312827288057705,0.49831380409017156,0.38345325882201986,0.3698954816887265,0.2337764994034843,0.21983685266065217,0.17749414686002132,0.19811802372902051,0.2980081286432443,0.22931772538861017,0.22120972645522358,0.39090900896620806,0.36759985039227555,0.2967965609758137,0.33128274439932953,0.4983138273935736,0.383453276784608,0.3698954991172337
https://wealthtender.com/financial-advisors/ron-sanders/,Ron Sanders,advisor,8,0.5691470370534166,0.61688502267337,0.49159510750127045,0.4292723865864878,0.532930907146813,0.4971712077110671,0.5003913628315747,0.380667995237608,0.4125970436197466,0.3287982047836988,0.2871143099659232,0.35644521857485617,0.332527720620409,0.33468148742278686,0.4014354110513536,0.418679970515859,0.3440757518213722,0.27713498835683703,0.3644219195561779,0.35312115465189503,0.35022510585679334
https://wealthtender.com/financial-advisors/ron-zunker/,Ron Zunker,advisor,1,0.0797418189698928,0.12161154354099689,0.06074215505175988,0.22906272314254672,0.24675133385675696,0.20113665864750574,0.19100214413454009,0.06058348579414068,0.09239381939984628,0.04614857718599563,0.1740293664321003,0.18746820830661332,0.15281266541528038,0.14511301391550002,0.07974181764346086,0.12161154343709672,0.060742154939452134,0.22906272231572353,0.24675133329030896,0.20113665807690423,0.19100214379267527
https://wealthtender.com/financial-advisors/ronald-e-lang/,Ronald E. Lang,advisor,5,0.442272852774368,0.5124268819538945,0.5004053368160513,0.3141336380499516,0.35215121534594584,0.4750683887942937,0.3835306730250504,0.3231093753745548,0.37436150266659457,0.36557897415244367,0.22949526053374555,0.25726959842562885,0.34706866903682754,0.28019435382647756,0.35112200924491355,0.4103989446155361,0.4040006558029934,0.2585207399421203,0.2792790498296953,0.3870807643823599,0.30714165878438243
https://wealthtender.com/financial-advisors/rosanna-pezzo-brizio-ph-d/,"Rosanna Pezzo-Brizio, Ph.D.",advisor,17,0.5336957371256444,0.5493887123774062,0.5307396088764735,0.3174363875859269,0.5451103076100402,0.6063218009295617,0.5060990256331984,0.5062269889564742,0.5211122635742811,0.5034230094632021,0.3010982765916543,0.5170540637194625,0.5751150670161314,0.48005065065712477,0.3554620482976322,0.36762098459962816,0.3429554448610056,0.23995834971745053,0.4007683232479845,0.3691005287488467,0.35138055417845376
https://wealthtender.com/financial-advisors/ross-blount-cfp-crpc/,"Ross Blount, CFP®, CRPC®",advisor,8,0.6136135469852122,0.6330644560631381,0.5923774787771543,0.4432151957289149,0.5647245871501426,0.6102278944688393,0.5582323726042397,0.3771371572449026,0.3890920115526656,0.364085114254009,0.27240747826738315,0.34708918417871704,0.37505627853595397,0.3430989604457251,0.3799680562081013,0.4034020432316549,0.36964174674452366,0.2635115760631121,0.36936178578230067,0.39502368094335294,0.3505677938064943
https://wealthtender.com/financial-advisors/russ-thornton/,Russ Thornton,advisor,55,0.5591955744432322,0.6595302434578059,0.5797144276730842,0.41571073148047943,0.570833454342097,0.5170182037959891,0.5830770925170563,0.5373842100096565,0.6338053358360924,0.5571027275322724,0.3994959782212162,0.5485681556298737,0.4968519632583829,0.5603342319884802,0.3111205132606139,0.39005838899007017,0.3142222409906209,0.2530180675798199,0.33883935385812114,0.32210234374787494,0.3346862886171384
https://wealthtender.com/financial-advisors/ryan-derousseau-cfp/,"Ryan Derousseau, CFP®",advisor,10,0.4865617548685607,0.5810258991860467,0.5312655852390238,0.3944716111701424,0.5372602777297764,0.48675972081137775,0.5209385909045589,0.34522966721252696,0.4122547154821987,0.37694833052195514,0.27988904118829916,0.3812017385897206,0.3453701297866494,0.3696210287319567,0.35043852907291434,0.4182734170309137,0.36559296856291595,0.2599413112603357,0.371405692740311,0.3283662205923222,0.3752007387253772
https://wealthtender.com/financial-advisors/ryan-mclin-cfp-mba/,"Ryan McLin, CFP®, MBA",advisor,6,0.5914009905062693,0.6787115320200949,0.5678079293087802,0.3821306206272951,0.543550611516318,0.5362742236254592,0.5958249772609965,0.5613110484904751,0.6441793094303877,0.5389183806890132,0.36268816381420854,0.5158952530611777,0.5089890811375481,0.5655099468414532,0.3910965266972927,0.4508071119599693,0.36949340325939706,0.24262410061985568,0.3634675375797138,0.3440224759674917,0.39081066427208366
https://wealthtender.com/financial-advisors/sarah-k-charles/,"Sarah K. Charles, CSRIC®, AIF®",advisor,1,0.3182548927332933,0.40959460606880266,0.4264829350960264,0.1373424454084548,0.2105072692774779,0.34763146111460136,0.3652875274766415,0.2161954329723853,0.2782439020549729,0.2897164031526406,0.09329883099535109,0.14300081872871057,0.23615138672346345,0.24814542357533134,0.3125092356050335,0.4224543492696609,0.4460630212502498,0.15131959171993498,0.212820647949242,0.36225850166312834,0.37479291027164346
https://wealthtender.com/financial-advisors/scott-c-little-bfa-ceps/,"Scott C. Little, BFA™, CEPS®",advisor,4,0.3526535560597057,0.4162937789884917,0.37086170198891627,0.39746163493499376,0.4485911965702603,0.44080538157325083,0.3336530117375389,0.27793632025706033,0.3280929940725688,0.2922866791044601,0.31325084451575586,0.35354750953749314,0.34741128679625843,0.262961449648099,0.27008788790249516,0.31246569172957744,0.2754978720018188,0.25503983393611623,0.30782301713529886,0.3152889166089293,0.24650537104997475
https://wealthtender.com/financial-advisors/scott-gerlach-cfp/,"Scott Gerlach, CFP®",advisor,1,0.45673229637126944,0.5873253767674743,0.4558595711214869,0.3607001794663855,0.3167781623596502,0.3643008570795857,0.47666094958627575,0.31669597412625766,0.40724858697806554,0.31609083064216364,0.2501077668717463,0.21965245179172735,0.25260445938350223,0.33051440626493933,0.40629817642237237,0.5412067039755332,0.4225763606941857,0.3738420436800091,0.34156398278037237,0.3946446958146711,0.43239792857897874
https://wealthtender.com/financial-advisors/sean-britton-mpa/,"Sean Britton, MPA",advisor,13,0.5046900666524716,0.5759976820324136,0.5432939449544579,0.4342285529202238,0.5469537148607138,0.49162682418322995,0.5204521997949911,0.2846896484541257,0.3249134239868351,0.3064656358747894,0.24494314877159398,0.30853006843821507,0.27732082914902817,0.293580879805268,0.36549437914590494,0.39339389345096804,0.3575644563230211,0.2567887869802182,0.3496136091534435,0.3370351224552,0.3532052885405776
https://wealthtender.com/financial-advisors/sean-gerlin-cfp-chfc-clu/,"Sean Gerlin, CFP®, CPWA®, ChFC®, CLU®",advisor,22,0.5220975675208754,0.6450502387509367,0.5829813365034331,0.4006347398040322,0.5222140714062556,0.5858409697533092,0.554831984104508,0.4685704171517391,0.5789175783571715,0.52321218299139,0.3595603558293683,0.46867497667771363,0.5257786372868166,0.49794879427508876,0.38103427394660494,0.4516907242084416,0.39197016449950345,0.22547289943202808,0.32987981274011197,0.40110324411272713,0.38299517400736627
https://wealthtender.com/financial-advisors/sean-williams-cfp-ricp-mba/,"Sean Williams, CFP®, RICP®, CEPA®",advisor,27,0.4756059474367321,0.5786068383090635,0.5233994749658356,0.4213190552675428,0.5747250882003553,0.5588559143707438,0.5103591244234599,0.43786448389031707,0.5326917924324504,0.48186538080427566,0.38788549992306287,0.5291180765924752,0.5145081928302608,0.469859840522957,0.34353443933124067,0.405843412873981,0.3563375030067515,0.2709329370700853,0.3840067624693915,0.3872463132078742,0.3569392442318982
https://wealthtender.com/financial-advisors/seth-a-wheeler-cfp-cepa-m-s/,"Seth A. Wheeler, CFP®, CEPA®, M.S.",advisor,6,0.5769855997421959,0.6815368368561199,0.5888367331627062,0.3622917451606724,0.5438378790251239,0.5837446870913241,0.6070819642850648,0.4688037856350139,0.553752206832582,0.4784328928676431,0.2943639177676654,0.44187109101615446,0.474295579083802,0.4932572375718602,0.37637659626222414,0.4729682380787617,0.3886320187757982,0.2523901414345694,0.3875897540064149,0.38465737930045046,0.4095123864902769
https://wealthtender.com/financial-advisors/shaun-erickson-cfp/,"Shaun Erickson, CFP®",advisor,16,0.3541576087281979,0.4660024595474116,0.40444526586617047,0.4351095511800438,0.45353114347911694,0.47069714591153694,0.37229063817380686,0.2717592919962402,0.3575823174599718,0.3103470217616434,0.33387695380628946,0.34801257805171343,0.36118473799539613,0.2856734904277851,0.26330214090928034,0.3614871596760328,0.3132836735170008,0.3202037394865797,0.34612802411013494,0.3573471589364251,0.28114812816066553
https://wealthtender.com/financial-advisors/shawn-williamson-cfp/,"Shawn Williamson, CFP®",advisor,1,0.327223267129745,0.4686481914889805,0.29755504639543856,0.2382399365960746,0.31603134951304807,0.2733336677631975,0.22220017768814887,0.2751181876152739,0.3940234513351451,0.2501741572295742,0.20030403139976394,0.2657084041434152,0.22980964632759338,0.18681834794197738,0.32210059463835616,0.4404955365690222,0.2920436635493505,0.2126279621112566,0.27509867328478765,0.2694033696768569,0.24389396020017123
https://wealthtender.com/financial-advisors/shikha-mittra/,"Shikha Mittra, AIF®, CFP®, CMFC®, CRPS®, PPC®, RMA®,MBA",advisor,5,0.5131957640471507,0.6000107354388519,0.5466877661070533,0.3531605506329573,0.5132409811088602,0.5490947898413266,0.5501492677936564,0.4082534122475279,0.47731576776139223,0.4348967033303044,0.28094347219489907,0.4082893829648018,0.4368115197058888,0.4376503696191921,0.42110216462191724,0.48587372339400203,0.43337887641299955,0.2702691128496523,0.40812058680245933,0.4276842588870762,0.4484183370373456
https://wealthtender.com/financial-advisors/skee-orr-cfp-aif/,"Skee Orr, CFP®, AIF®",advisor,10,0.4632278401798387,0.5187065226533252,0.37892837647641536,0.3266187031758752,0.4757818601806223,0.48379943864687835,0.48096889683626903,0.2675474855925344,0.2995904258311986,0.2188584656452577,0.18864585675220638,0.27479833753611316,0.2794290673263503,0.2777942252926781,0.28239998725973137,0.3200096462399452,0.2604205429248427,0.2126255200695626,0.2800867936235016,0.3101112969654726,0.32291707737708636
https://wealthtender.com/financial-advisors/stacy-miller-cfp-mba/,"Stacy Miller, CFP®, MQFP®, MBA",advisor,2,0.5920595125904032,0.5744989986961128,0.49986392436206534,0.3289168335591509,0.573309900895605,0.5622609801845215,0.4893643512946304,0.5196000941308189,0.5041887301067249,0.43868789644938155,0.28866222743520203,0.5031451604723627,0.4934484659350092,0.42947331744480943,0.39430364663419676,0.4329226615817815,0.3617319041183561,0.20276878793446793,0.41715124931584,0.3509062330093021,0.3662539471281522
https://wealthtender.com/financial-advisors/stacy-ployhar-cfp/,"Stacy Ployhar, CFP®",advisor,2,0.45178092559424227,0.4640264159039558,0.397269243469097,0.2918827741989223,0.4416798797053406,0.48197065253981025,0.40344870189932697,0.4227074055893741,0.43416486017796796,0.37170372123699863,0.2730992019097941,0.4132563936950129,0.450954328887048,0.37748551212946313,0.3624535923983568,0.4049181966513472,0.3588981131885887,0.17995010995244465,0.36712219159066134,0.372956225450362,0.3271137315936035
https://wealthtender.com/financial-advisors/stephan-shipe-phd-cfa-cfp/,"Stephan Shipe, PhD, CFA, CFP®",advisor,19,0.5524099382369243,0.6634474453365612,0.6017964964884114,0.36806782413089767,0.5077906254109782,0.5244792394783379,0.6011941011070241,0.47025805272336274,0.5647825684020374,0.5123000673695449,0.31333045672267607,0.4322743205147197,0.4464810800437315,0.5117872574807062,0.3837619274962214,0.4703277951083948,0.40275129352123507,0.26135613639354477,0.35230595673489246,0.36352734399780806,0.41496196392260565
https://wealthtender.com/financial-advisors/steve-troccoli-mba-chfc-cfs-crpc/,"Steve Troccoli, MBA, ChFC®, CFS®, CRPC®",advisor,4,0.5674181706874476,0.6139925994002946,0.5571460333757229,0.364320869810286,0.5375688214236554,0.53496642261466,0.5656589565442725,0.49335254470566087,0.5338475695580681,0.48442123911112034,0.3167657249899571,0.46739945899594826,0.4651367537441915,0.4918229624345016,0.3937133316353386,0.44748519547698384,0.40180954415591497,0.2320898798169254,0.35683735407580014,0.36104989350126643,0.40147122316897255
https://wealthtender.com/financial-advisors/steve-witter-cfp-cslp/,"Steve Witter, CFP®, CSLP®",advisor,14,0.5061425656360398,0.5759606667565781,0.51478318526664,0.41512978825837593,0.5513196190939752,0.5261866160068664,0.5398940217948236,0.4783045738595025,0.54428265863523,0.486469956838314,0.39229752632994064,0.5209968759291215,0.49724619549329824,0.5101996898825506,0.29942129317677585,0.3470125110166287,0.30772201346950884,0.24709174801695552,0.3253794118669614,0.32101113331537046,0.31413238121046505
https://wealthtender.com/financial-advisors/stu-sneen-cfp-cfa/,"Stu Sneen, CFP®, CFA",advisor,12,0.5412908644940542,0.6745338830353972,0.5962852699038412,0.3660501701823187,0.4936907375554308,0.5529550825022096,0.5490575612501843,0.5179191886962031,0.6454090847742923,0.5705390640737233,0.3502449784371273,0.47237432410860136,0.5290797730027695,0.5253505376190133,0.3364523063138507,0.4267015767723482,0.36519201408500257,0.23706893135748405,0.32149659446986517,0.3765595606077019,0.36080439348317717
https://wealthtender.com/financial-advisors/tamara-witham-cfa-cfp/,"Tamara Witham, CFA, CFP®",advisor,1,0.5380784123460015,0.5694462298952834,0.49204211958084015,0.20288397512445616,0.4559858072962542,0.4621626077981998,0.5929140348449045,0.34649627873605066,0.366695624785839,0.3168511493944288,0.13064739410247386,0.29363264119023746,0.2976101997380479,0.38180774766342157,0.4633696776334898,0.5056969039498557,0.43900611318333127,0.19537307191826037,0.4659916763911478,0.43420661906019664,0.5118066580030001
https://wealthtender.com/financial-advisors/taylor-stewart-cfp/,"Taylor Stewart, CFP®",advisor,5,0.4865225343283768,0.585991493087821,0.5682762717161584,0.36916348867240856,0.523427571797617,0.5718717676323055,0.5501050679468042,0.4317839425260148,0.5200616607028312,0.5043395767563253,0.3276289489769962,0.46453679866974235,0.5075305438595306,0.4882128129368307,0.39644839564667717,0.4875656799048857,0.4359638906359768,0.26918941634770366,0.3205600566964461,0.39498428413868747,0.46154311295595046
https://wealthtender.com/financial-advisors/terry-scipio-clu/,"Terry Scipio, CLU®",advisor,87,0.5269103536254138,0.6033496017940415,0.5960406958173171,0.4090092241016225,0.5149719916785638,0.5722499525693548,0.5328911789155355,0.4829912958614722,0.5530591760494716,0.5463594823639364,0.3749174670964552,0.472048020847993,0.5245517463196954,0.4884736071072485,0.3118199251328254,0.3629484284368357,0.3820693094731388,0.26540439241948083,0.3460146885288256,0.3849162276944849,0.319993603115968
https://wealthtender.com/financial-advisors/the-sec-financial-group/,Allison Lee,advisor,2,0.3357593091849604,0.34645308311402173,0.25052401112666667,0.28301481129990985,0.3700802123485002,0.32731457261248215,0.23667691277571437,0.11867214609707946,0.1224517973750122,0.08854623307815017,0.10002991463065797,0.130802666749788,0.11568740379845734,0.08365205789499938,0.2671967758772314,0.29114720375343744,0.2091073820147864,0.24493860480496496,0.3181072992958044,0.262087155558908,0.1952770827729275
https://wealthtender.com/financial-advisors/thomas-ouellette-aif-cfs-lutcf-crpc/,"Thomas Ouellette, AIF, CFS, LUTCF, CRPC",advisor,32,0.4625949662640916,0.5093896295564404,0.46488913581860336,0.43499540832431854,0.5453850518298832,0.48985355582275525,0.4471745137475562,0.38341266148089315,0.42219748990416434,0.38531413840764744,0.36053731536365224,0.4520315816290416,0.40600540271910224,0.3706317253017706,0.31181976646857973,0.3436734475854593,0.31220806968441417,0.29098892642336976,0.3666391480242466,0.3293813980973891,0.30404616583299654
https://wealthtender.com/financial-advisors/tim-doehrmann-cfp/,"Tim Doehrmann, CFP®",advisor,24,0.48246674130199646,0.5534782780034758,0.48991716025669746,0.477754969094868,0.5555355602781764,0.558421233232627,0.5231883301492946,0.44473344155203026,0.5101912283870796,0.45160116978918624,0.4403901729075834,0.5120876124234227,0.5147475994326065,0.4822702307297727,0.29336483961042076,0.3310030611476302,0.3067954907207483,0.3080761474981371,0.3545168188269712,0.3576952053555105,0.318553795221362
https://wealthtender.com/financial-advisors/tim-eichhorn/,Tim Eichhorn,advisor,32,0.5689946271961023,0.6080930026917499,0.47963375907955175,0.3916228113927453,0.528584371577732,0.5303006720153833,0.5466959312268481,0.36481383537938744,0.3898819601733933,0.30751965460464564,0.25109098226512133,0.33890459188890637,0.34000500675294204,0.3505169116270669,0.3619328724169321,0.38338577294206544,0.31720735912035775,0.27047237117518524,0.3469744191105441,0.3507269599707331,0.35324573512539204
https://wealthtender.com/financial-advisors/tj-van-gerven-cfp/,"TJ van Gerven, CFP®",advisor,15,0.3891472169833099,0.5138129031518863,0.5267159987921243,0.31824399254777597,0.45194811988320693,0.5257423141212214,0.4362776815529488,0.33751115854287456,0.4456349182230139,0.4568258983155514,0.27601610376855557,0.3919789912042399,0.4559814121494172,0.3783878679354668,0.29778560849646446,0.375806100483727,0.3917222100281016,0.23993244940985164,0.3491274439452384,0.40629932484131726,0.3381346700136234
https://wealthtender.com/financial-advisors/tom-leinwol-crpc/,"Tom Leinwol, CRPC™",advisor,11,0.5793636260809695,0.6359057308316801,0.5796517519125082,0.3853968907787408,0.520505262590678,0.5783935447056268,0.49147734024912487,0.4935100090518251,0.5416733616876923,0.4937554386496273,0.3282864413551917,0.44337363494881843,0.49268368022002496,0.4186472462481019,0.33735964705003196,0.3709812510745542,0.3415932006118608,0.2336043866009498,0.31617936978477285,0.3693124148097329,0.27988801107650607
https://wealthtender.com/financial-advisors/tori-ten-hagen/,"Tori Ten Hagen, CFP®",advisor,1,0.40353967184886896,0.5384570855289438,0.48123157218812856,0.25522485992090416,0.3752903420927009,0.4426827262185352,0.4581017702397001,0.36081912016045725,0.48145356057453575,0.430286201291713,0.22820559123174772,0.33556039340121924,0.3958183121193218,0.4096050257575189,0.40353969534883116,0.5384571168108305,0.48123160006303684,0.25522487472301336,0.3752903638557945,0.4426827519113802,0.4581017968238422
https://wealthtender.com/financial-advisors/trevor-scotto-cpa-cfp-cepa/,"Trevor Scotto, CPA, CFP®, CEPA",advisor,46,0.5624691054672074,0.5768646692661734,0.5635314760959546,0.4156425817002372,0.49111588709433784,0.5280078578842002,0.49763471102622225,0.5295542465435045,0.5431074032716376,0.530554448816638,0.39131979346819135,0.4623765128215542,0.4971096201251163,0.4685138648326156,0.36478864770712216,0.38491427615740376,0.3753669427386287,0.2844133879367188,0.33741700539196046,0.37108682726980996,0.3263878610706178
https://wealthtender.com/financial-advisors/tu-nguyen-cfp-ea/,"Tu Nguyen, CFP®, EA",advisor,1,0.32210763867312897,0.24202352550782047,0.18876250411322842,0.29337421194249924,0.4996216819195102,0.2859950764580771,0.2938062807290796,0.29821075482453724,0.22406801193629633,0.17475837911220482,0.27160903587948637,0.4625551865384914,0.26477735199944297,0.27200904986087765,0.3221076408353981,0.2420235272453103,0.1887625054983267,0.29337421395927515,0.4996216852276788,0.2859950783648294,0.2938062826835058
https://wealthtender.com/financial-advisors/victor-j-medina-cela-cfp-ricp/,"Victor J. Medina, CELA®, CFP®, RICP®",advisor,1,0.474615167727716,0.38001532556403483,0.27315048161500555,0.3327756937849467,0.38056516884471425,0.5028178124021716,0.3948902386396725,0.3135190007732429,0.25102869282446943,0.18043642908984464,0.21982336446721745,0.25139190564964287,0.33214896791026244,0.260854691235751,0.39367400467843205,0.299848698374714,0.20734047654707627,0.2799170229922833,0.3348809184469627,0.4162617977397158,0.309620268544978
https://wealthtender.com/financial-advisors/william-nunn-cfp/,"William Nunn, CFP®",advisor,7,0.5075226187698998,0.5679004256673528,0.5289856525671328,0.3267536299967571,0.5207055611829514,0.4983959791342115,0.5743413084257222,0.4736826103156381,0.5300346153664436,0.4937145566730389,0.3049667279107956,0.4859865556826254,0.4651645062427189,0.5360460403648327,0.3535956662299399,0.39822109888684637,0.35303489439307906,0.21467201393760213,0.38599836971338203,0.34633081872168975,0.39889825365322346
https://wealthtender.com/financial-advisors/worthynest/,"Deb Meyer, CFP®, CPA/PFS, CEPA",advisor,5,0.43918419082691984,0.5366009868655993,0.42989929519972075,0.3601255004336373,0.6193842061148368,0.4596403817956184,0.5315680831140688,0.3427078310153012,0.41872490897982406,0.33546256465994906,0.2810161015006802,0.48332299357834557,0.3586703747136925,0.4147975920034355,0.29675390497964993,0.3385942715668778,0.2868473058540141,0.24258610097431357,0.43146054135925693,0.32379625346182084,0.3153537712984985
https://wealthtender.com/financial-advisors/yohance-harrison/,"Yohance Harrison, BFA™, CRPC®",advisor,20,0.5759004344297285,0.6316031060991598,0.5398279344429026,0.3647876684282189,0.5646422118881489,0.5184191006400866,0.5939072659366943,0.5469390486456536,0.5998404955425772,0.512680594153252,0.34644290644677544,0.5362469894663097,0.49234838654809576,0.564040336828035,0.3249620135549415,0.3291634525312415,0.2974280933793196,0.21864547937140563,0.33173106324490026,0.2984858369797896,0.32012189586975925
https://wealthtender.com/financial-advisors/zach-rodriguez/,Zach Rodriguez,advisor,5,0.5345836754563928,0.7147245839769543,0.6277840060576942,0.3802103539123085,0.577332629582621,0.5234869996475916,0.6357396299904755,0.48306846452276914,0.6458500758438993,0.5672875356684559,0.34357134400573325,0.5216979112825879,0.4730411210209526,0.5744765150817317,0.2897772188261189,0.4528045838729213,0.4091851908264992,0.2387922161461412,0.3796804487994197,0.3239281358556887,0.40742109642810964
https://wealthtender.com/financial-advisors/zack-gutches-cfp-cpa/,"Zack Gutches, CFP®, CPA",advisor,9,0.5487439675746455,0.6730398939762909,0.6068972599391406,0.37089152007716614,0.5301047329830583,0.5135861096323746,0.5543707225473465,0.4812864503514637,0.5903025830943844,0.5322909138393502,0.325297540768165,0.4649385511781887,0.4504505748779081,0.48622150401552133,0.3775043537959067,0.5023471727020915,0.4459316562335584,0.2748383706728114,0.414465311511745,0.3537651961864501,0.42747431132463853
https://wealthtender.com/financial-coaches/coach-hill-financial-fitness-coach/,Coach Hill | Financial Fitness Coach,advisor,1,0.29411492636131353,0.4272671495460471,0.38125013398775615,0.1762183336950728,0.36294789144819817,0.2620813003079205,0.3480540871168285,0.13051218953413218,0.1895978959420705,0.169178050099358,0.07819610126943016,0.16105651143155147,0.11629741054732896,0.1544474520484448,0.29411492504695386,0.4272671479702341,0.3812501322101052,0.17621833253195157,0.3629478896033798,0.26208129921789913,0.3480540860289223
https://wealthtender.com/financial-coaches/mvmt-life-planning/,MVMT Life Planning,advisor,8,0.3643009429405661,0.4669241381909943,0.3957887752809265,0.2603332280075568,0.4418550677672642,0.33608984891334825,0.39524623452118635,0.194074691535068,0.24874532950214875,0.21084926065705983,0.13868778519779415,0.23539023887217456,0.17904574506294094,0.21056023194979984,0.2971440290208327,0.39036928253027803,0.32705124578325834,0.2125503281945576,0.36245648526187363,0.27612521935045165,0.3321815103152282
https://wealthtender.com/financial-podcasts/mitlin-money-mindset/,Mitlin Money Mindset®,advisor,1,0.2730150641947088,0.335690129030817,0.2198607699540561,0.13440924638968077,0.3043894700980457,0.21478907004354483,0.2887526404447996,0.18731723706297537,0.23031896670185673,0.15084776397891655,0.09221897239881205,0.20884340099697024,0.14736804091948935,0.1981148804455127,0.2927138565002661,0.3529802509938009,0.24453872753262534,0.15192327621089832,0.3191430396844479,0.2422346427082097,0.3158636062005365
https://wealthtender.com/financial-podcasts/moneyrx-for-crnas-podcast/,The MoneyRx for CRNAs Podcast,advisor,1,0.14312749024041527,0.11550728754614448,0.14092584135698163,0.1940173044659353,0.2510106004260154,0.14658795254941123,0.1695941503334571,0.11329479637692084,0.09143159431224111,0.11155204687769402,0.1535774222418406,0.1986913542321297,0.1160339792691044,0.13424489381090524,0.1518719803104699,0.11727613226577308,0.13488169514606346,0.19553091343682227,0.25116540164068957,0.14023253584687134,0.1622506682788799
https://wealthtender.com/reviews-import/,Private: Reviews Import,advisor,1,0.26056175992351344,0.4155843303143187,0.34569192553643174,0.21017781578941108,0.41127947870072884,0.326470019293167,0.4439108406347441,0.15275536037369175,0.243637954247232,0.20266325603225152,0.12321757422459616,0.2411142179945204,0.19139433761490207,0.26024448274702355,0.2605617575563549,0.415584326557705,0.3456919223963352,0.2101778139114581,0.41127947502091494,0.32647001635844314,0.4439108367302782
https://wealthtender.com/service-providers/advisor-rankings/,Advisor Rankings,advisor,15,0.23379532453680643,0.2746482107034374,0.23083449223701744,0.2147673822941386,0.23773228707650032,0.35623216889226994,0.28684502303296766,0.22066198991220423,0.2592199857705278,0.21786748087588342,0.20270293274320375,0.2243777955637496,0.33622100619096706,0.27073164830934027,0.19059995308824085,0.2166070869144572,0.18482447620081827,0.17631636365210052,0.19157515634023917,0.2964537324465501,0.22734127537697837
https://wealthtender.com/service-providers/advisor-tech-partners/,Advisor Tech Partners,advisor,13,0.29286960667816275,0.3927415927692446,0.4138871457756945,0.39262899678565827,0.4057633663198409,0.5000694419654643,0.35482780617394855,0.24123484286403574,0.32349876619998325,0.34091622448335396,0.32340602160037857,0.3342247187217179,0.41190403682349663,0.29226941995461564,0.2061832556430283,0.2717982398729945,0.2837540803132017,0.2595610653843742,0.27179574876562435,0.33616759452789957,0.24665149537969583
https://wealthtender.com/service-providers/perfectly-planned-content/,Perfectly Planned Content,advisor,4,0.21266332962881354,0.2891894875027304,0.1850936717342241,0.3256902814363552,0.2881064577082024,0.33288373170765106,0.24987168176312152,0.1878003007125119,0.2553795842974124,0.16345388399750038,0.2876129744589642,0.25442317436323186,0.2939654195488996,0.22065852658547555,0.1705766076807366,0.22946940965796842,0.15457296021909991,0.2622947878824249,0.23751964977714018,0.2729938856392462,0.2018817238892472
https://wealthtender.com/service-providers/proadvisorsuite/,ProAdvisorSuite,advisor,1,0.26065772674509513,0.28330636856643615,0.2597912235618025,0.24851619024531674,0.19717892354040137,0.24917071707997598,0.10541242160748113,0.15520507723738608,0.1686909011456131,0.15468912977183902,0.14797556544136148,0.11740749234570126,0.1483652944902402,0.06276638426056898,0.2606577460020403,0.2833063894462314,0.25979124286524263,0.24851620836821167,0.19717893799065767,0.249170735411054,0.10541242949544573
